datetime,mild,sars,positive,underobs,recovered,deaths,masc,fem,mild_s,sars_s,positive_s,underobs_s,recovered_s,deaths_s,masc_s,fem_s,mild_m,sars_m,positive_m,underobs_m,recovered_m,deaths_m,masc_m,fem_m
2020-08-12,2921,206,791,386,382,23,363,428,,,,,,,,,,,,,,,,
2020-08-13,2966,208,814,401,390,23,378,436,45.0,2.0,23.0,15.0,8.0,0.0,15.0,8.0,,,,,,,,
2020-08-14,3023,210,835,422,390,23,390,436,57.0,2.0,21.0,21.0,0.0,0.0,12.0,0.0,,,,,,,,
2020-08-15,3030,210,841,428,390,23,393,438,7.0,0.0,6.0,6.0,0.0,0.0,3.0,2.0,,,,,,,,
2020-08-16,3030,210,842,428,390,24,394,438,0.0,0.0,1.0,0.0,0.0,1.0,1.0,0.0,,,,,,,,
2020-08-17,3071,211,866,450,390,25,404,454,41.0,1.0,24.0,22.0,0.0,1.0,10.0,16.0,,,,,,,,
2020-08-18,3112,213,890,473,390,26,415,471,41.0,2.0,24.0,23.0,0.0,1.0,11.0,17.0,,,,,,,,
2020-08-19,3154,215,914,496,390,28,426,488,42.0,2.0,24.0,23.0,0.0,2.0,11.0,17.0,33.0,1.0,18.0,16.0,1.0,1.0,9.0,9.0
2020-08-20,3237,217,917,95,794,28,428,489,83.0,2.0,3.0,-401.0,404.0,0.0,2.0,1.0,39.0,1.0,15.0,-44.0,58.0,1.0,7.0,8.0
2020-08-21,3263,219,934,111,794,28,437,497,26.0,2.0,17.0,16.0,0.0,0.0,9.0,8.0,34.0,1.0,14.0,-44.0,58.0,1.0,7.0,9.0
2020-08-22,3290,221,951,128,794,29,446,505,27.0,2.0,17.0,17.0,0.0,1.0,9.0,8.0,37.0,2.0,16.0,-43.0,58.0,1.0,8.0,10.0
2020-08-23,3316,223,968,145,794,29,455,513,26.0,2.0,17.0,17.0,0.0,0.0,9.0,8.0,41.0,2.0,18.0,-40.0,58.0,1.0,9.0,11.0
2020-08-24,3343,225,986,162,794,30,465,521,27.0,2.0,18.0,17.0,0.0,1.0,10.0,8.0,39.0,2.0,17.0,-41.0,58.0,1.0,9.0,10.0
2020-08-25,3432,226,1016,156,830,30,483,533,89.0,1.0,30.0,-6.0,36.0,0.0,18.0,12.0,46.0,2.0,18.0,-45.0,63.0,1.0,10.0,9.0
2020-08-26,3436,228,1034,109,895,30,494,540,4.0,2.0,18.0,-47.0,65.0,0.0,11.0,7.0,40.0,2.0,17.0,-55.0,72.0,0.0,10.0,7.0
2020-08-27,3507,229,1046,121,895,30,503,543,71.0,1.0,12.0,12.0,0.0,0.0,9.0,3.0,39.0,2.0,18.0,4.0,14.0,0.0,11.0,8.0
2020-08-28,3546,230,1053,96,927,30,508,545,39.0,1.0,7.0,-25.0,32.0,0.0,5.0,2.0,40.0,2.0,17.0,-2.0,19.0,0.0,10.0,7.0
2020-08-29,3574,231,1064,78,955,30,512,552,28.0,1.0,11.0,-18.0,28.0,0.0,4.0,7.0,41.0,1.0,16.0,-7.0,23.0,0.0,9.0,7.0
2020-08-30,3602,232,1076,61,984,30,516,560,28.0,1.0,12.0,-17.0,29.0,0.0,4.0,8.0,41.0,1.0,15.0,-12.0,27.0,0.0,9.0,7.0
2020-08-31,3630,233,1088,44,1013,31,520,568,28.0,1.0,12.0,-17.0,29.0,1.0,4.0,8.0,41.0,1.0,15.0,-17.0,31.0,0.0,8.0,7.0
2020-09-01,3694,234,1099,55,1013,31,526,573,64.0,1.0,11.0,11.0,0.0,0.0,6.0,5.0,37.0,1.0,12.0,-14.0,26.0,0.0,6.0,6.0
2020-09-02,3719,238,1102,58,1013,31,527,575,25.0,4.0,3.0,3.0,0.0,0.0,1.0,2.0,40.0,1.0,10.0,-7.0,17.0,0.0,5.0,5.0
2020-09-03,3755,238,1119,50,1038,31,534,585,36.0,0.0,17.0,-8.0,25.0,0.0,7.0,10.0,35.0,1.0,10.0,-10.0,20.0,0.0,4.0,6.0
2020-09-04,3795,240,1120,51,1038,31,534,586,40.0,2.0,1.0,1.0,0.0,0.0,0.0,1.0,36.0,1.0,10.0,-6.0,16.0,0.0,4.0,6.0
2020-09-05,3807,242,1126,57,1038,31,537,589,12.0,2.0,6.0,6.0,0.0,0.0,3.0,3.0,33.0,2.0,9.0,-3.0,12.0,0.0,4.0,5.0
2020-09-06,3819,244,1133,64,1038,31,541,592,12.0,2.0,7.0,7.0,0.0,0.0,4.0,3.0,31.0,2.0,8.0,0.0,8.0,0.0,4.0,5.0
2020-09-07,3831,246,1139,70,1038,31,544,595,12.0,2.0,6.0,6.0,0.0,0.0,3.0,3.0,29.0,2.0,7.0,4.0,4.0,0.0,3.0,4.0
2020-09-08,3844,248,1146,77,1038,31,548,598,13.0,2.0,7.0,7.0,0.0,0.0,4.0,3.0,21.0,2.0,7.0,3.0,4.0,0.0,3.0,4.0
2020-09-09,3862,248,1159,89,1038,32,552,607,18.0,0.0,13.0,12.0,0.0,1.0,4.0,9.0,20.0,1.0,8.0,4.0,4.0,0.0,4.0,5.0
2020-09-10,3881,248,1171,56,1083,32,556,615,19.0,0.0,12.0,-33.0,45.0,0.0,4.0,8.0,18.0,1.0,7.0,1.0,6.0,0.0,3.0,4.0
2020-09-11,3914,248,1175,60,1083,32,556,619,33.0,0.0,4.0,4.0,0.0,0.0,0.0,4.0,17.0,1.0,8.0,1.0,6.0,0.0,3.0,5.0
2020-09-12,3922,249,1181,66,1083,32,558,622,8.0,1.0,6.0,6.0,0.0,0.0,2.0,3.0,16.0,1.0,8.0,1.0,6.0,0.0,3.0,5.0
2020-09-13,3931,250,1187,72,1083,32,561,626,9.0,1.0,6.0,6.0,0.0,0.0,3.0,4.0,16.0,1.0,8.0,1.0,6.0,0.0,3.0,5.0
2020-09-14,3939,251,1193,78,1083,32,563,629,8.0,1.0,6.0,6.0,0.0,0.0,2.0,3.0,15.0,1.0,8.0,1.0,6.0,0.0,3.0,5.0
2020-09-15,3948,252,1199,84,1083,32,566,633,9.0,1.0,6.0,6.0,0.0,0.0,3.0,4.0,15.0,1.0,8.0,1.0,6.0,0.0,3.0,5.0
2020-09-16,3987,254,1217,102,1083,32,578,639,39.0,2.0,18.0,18.0,0.0,0.0,12.0,6.0,18.0,1.0,8.0,2.0,6.0,0.0,4.0,5.0
2020-09-17,4004,254,1217,103,1084,32,579,640,17.0,0.0,0.0,1.0,1.0,0.0,1.0,1.0,18.0,1.0,7.0,7.0,0.0,0.0,3.0,4.0
2020-09-18,4034,256,1221,105,1084,32,580,641,30.0,2.0,4.0,2.0,0.0,0.0,1.0,1.0,17.0,1.0,7.0,6.0,0.0,0.0,3.0,3.0
2020-09-19,4049,256,1231,115,1084,32,585,641,15.0,0.0,10.0,10.0,0.0,0.0,5.0,0.0,18.0,1.0,7.0,7.0,0.0,0.0,4.0,3.0
2020-09-20,4065,257,1242,126,1084,32,591,641,16.0,1.0,11.0,11.0,0.0,0.0,6.0,0.0,19.0,1.0,8.0,8.0,0.0,0.0,4.0,2.0
2020-09-21,4081,258,1253,137,1084,32,597,641,16.0,1.0,11.0,11.0,0.0,0.0,6.0,0.0,20.0,1.0,9.0,8.0,0.0,0.0,5.0,2.0
2020-09-22,4115,258,1308,192,1084,32,633,655,34.0,0.0,55.0,55.0,0.0,0.0,36.0,14.0,24.0,1.0,16.0,15.0,0.0,0.0,10.0,3.0
2020-09-23,4145,258,1321,96,1193,32,641,660,30.0,0.0,13.0,-96.0,109.0,0.0,8.0,5.0,23.0,1.0,15.0,-1.0,16.0,0.0,9.0,3.0
2020-09-24,4164,261,1326,101,1193,32,643,663,19.0,3.0,5.0,5.0,0.0,0.0,2.0,3.0,23.0,1.0,16.0,-0.0,16.0,0.0,9.0,3.0
2020-09-25,4190,263,1335,108,1193,34,648,667,26.0,2.0,9.0,7.0,0.0,2.0,5.0,4.0,22.0,1.0,16.0,0.0,16.0,0.0,10.0,4.0
2020-09-26,4200,264,1347,76,1237,34,657,676,10.0,1.0,12.0,-32.0,44.0,0.0,9.0,9.0,22.0,1.0,17.0,-6.0,22.0,0.0,10.0,5.0
2020-09-27,4211,265,1360,45,1281,34,667,686,11.0,1.0,13.0,-31.0,44.0,0.0,10.0,10.0,21.0,1.0,17.0,-12.0,28.0,0.0,11.0,6.0
2020-09-28,4222,266,1373,14,1325,34,677,696,11.0,1.0,13.0,-31.0,44.0,0.0,10.0,10.0,20.0,1.0,17.0,-18.0,34.0,0.0,11.0,8.0
2020-09-29,4247,267,1386,23,1328,35,685,701,25.0,1.0,13.0,9.0,3.0,1.0,8.0,5.0,19.0,1.0,11.0,-24.0,35.0,0.0,7.0,7.0
2020-09-30,4279,267,1399,36,1328,35,692,707,32.0,0.0,13.0,13.0,0.0,0.0,7.0,6.0,19.0,1.0,11.0,-9.0,19.0,0.0,7.0,7.0
2020-10-01,4299,267,1413,41,1337,35,698,715,20.0,0.0,14.0,5.0,9.0,0.0,6.0,8.0,19.0,1.0,12.0,-9.0,21.0,0.0,8.0,7.0
2020-10-02,4319,268,1428,46,1347,35,705,723,20.0,1.0,15.0,5.0,10.0,0.0,7.0,8.0,18.0,1.0,13.0,-9.0,22.0,0.0,8.0,8.0
2020-10-03,4333,269,1439,48,1355,35,709,729,14.0,1.0,11.0,2.0,8.0,0.0,4.0,6.0,19.0,1.0,13.0,-4.0,17.0,0.0,7.0,8.0
2020-10-04,4347,270,1450,50,1363,35,714,735,14.0,1.0,11.0,2.0,8.0,0.0,5.0,6.0,19.0,1.0,13.0,1.0,12.0,0.0,7.0,7.0
2020-10-05,4361,271,1461,53,1372,36,719,742,14.0,1.0,11.0,3.0,9.0,1.0,5.0,7.0,20.0,1.0,13.0,6.0,7.0,0.0,6.0,7.0
2020-10-06,4416,271,1466,17,1413,36,723,743,55.0,0.0,5.0,-36.0,41.0,0.0,4.0,1.0,24.0,1.0,11.0,-1.0,12.0,0.0,5.0,6.0
2020-10-07,4429,271,1468,19,1413,36,723,745,13.0,0.0,2.0,2.0,0.0,0.0,0.0,2.0,21.0,1.0,10.0,-2.0,12.0,0.0,4.0,5.0
2020-10-08,4455,272,1474,25,1413,36,727,747,26.0,1.0,6.0,6.0,0.0,0.0,4.0,2.0,22.0,1.0,9.0,-2.0,11.0,0.0,4.0,5.0
2020-10-09,4507,272,1474,25,1413,36,727,747,52.0,0.0,0.0,0.0,0.0,0.0,0.0,0.0,27.0,1.0,7.0,-3.0,9.0,0.0,3.0,3.0
2020-10-10,4518,272,1476,27,1413,36,727,748,11.0,0.0,2.0,2.0,0.0,0.0,0.0,1.0,26.0,0.0,5.0,-3.0,8.0,0.0,3.0,3.0
2020-10-11,4529,273,1478,29,1413,36,728,749,11.0,1.0,2.0,2.0,0.0,0.0,1.0,1.0,26.0,0.0,4.0,-3.0,7.0,0.0,2.0,2.0
2020-10-12,4540,274,1480,31,1413,36,729,751,11.0,1.0,2.0,2.0,0.0,0.0,1.0,2.0,26.0,0.0,3.0,-3.0,6.0,0.0,1.0,1.0
2020-10-13,4551,275,1482,33,1413,36,730,752,11.0,1.0,2.0,2.0,0.0,0.0,1.0,1.0,19.0,1.0,2.0,2.0,0.0,0.0,1.0,1.0
2020-10-14,4562,276,1484,35,1413,36,731,753,11.0,1.0,2.0,2.0,0.0,0.0,1.0,1.0,19.0,1.0,2.0,2.0,0.0,0.0,1.0,1.0
2020-10-15,4573,277,1487,38,1413,36,732,755,11.0,1.0,3.0,3.0,0.0,0.0,1.0,2.0,17.0,1.0,2.0,2.0,0.0,0.0,1.0,1.0
2020-10-16,4663,277,1515,66,1413,36,747,768,90.0,0.0,28.0,28.0,0.0,0.0,15.0,13.0,22.0,1.0,6.0,6.0,0.0,0.0,3.0,3.0
2020-10-17,4680,278,1521,72,1413,36,749,771,17.0,1.0,6.0,6.0,0.0,0.0,2.0,3.0,23.0,1.0,6.0,6.0,0.0,0.0,3.0,3.0
2020-10-18,4698,279,1527,78,1413,36,752,774,18.0,1.0,6.0,6.0,0.0,0.0,3.0,3.0,24.0,1.0,7.0,7.0,0.0,0.0,3.0,4.0
2020-10-19,4715,280,1533,84,1413,36,755,777,17.0,1.0,6.0,6.0,0.0,0.0,3.0,3.0,25.0,1.0,8.0,8.0,0.0,0.0,4.0,4.0
2020-10-20,4733,281,1539,91,1413,36,758,781,18.0,1.0,6.0,7.0,0.0,0.0,3.0,4.0,26.0,1.0,8.0,8.0,0.0,0.0,4.0,4.0
2020-10-21,4774,283,1550,21,1493,36,765,785,41.0,2.0,11.0,-70.0,80.0,0.0,7.0,4.0,30.0,1.0,9.0,-2.0,11.0,0.0,5.0,5.0
2020-10-22,4801,285,1569,33,1500,36,774,795,27.0,2.0,19.0,12.0,7.0,0.0,9.0,10.0,33.0,1.0,12.0,-1.0,12.0,0.0,6.0,6.0
2020-10-23,4839,287,1576,38,1500,39,776,800,38.0,2.0,7.0,5.0,0.0,3.0,2.0,5.0,25.0,1.0,9.0,-4.0,12.0,0.0,4.0,5.0
2020-10-24,4845,288,1587,43,1506,39,782,805,6.0,1.0,11.0,5.0,6.0,0.0,6.0,5.0,24.0,1.0,9.0,-4.0,13.0,0.0,5.0,5.0
2020-10-25,4851,289,1599,48,1512,39,788,810,6.0,1.0,12.0,5.0,6.0,0.0,6.0,5.0,22.0,1.0,10.0,-4.0,14.0,0.0,5.0,5.0
2020-10-26,4858,291,1611,54,1518,39,795,816,7.0,2.0,12.0,6.0,6.0,0.0,7.0,6.0,20.0,2.0,11.0,-4.0,15.0,0.0,6.0,6.0
2020-10-27,4918,291,1612,55,1518,39,796,816,60.0,0.0,1.0,1.0,0.0,0.0,1.0,0.0,26.0,1.0,10.0,-5.0,15.0,0.0,5.0,5.0
2020-10-28,4995,294,1648,83,1526,39,816,832,77.0,3.0,36.0,28.0,8.0,0.0,20.0,16.0,32.0,2.0,14.0,9.0,5.0,0.0,7.0,7.0
2020-10-29,5004,295,1651,72,1539,39,817,833,9.0,1.0,3.0,-11.0,13.0,0.0,1.0,1.0,29.0,1.0,12.0,6.0,6.0,0.0,6.0,5.0
2020-10-30,5014,296,1654,61,1553,39,819,834,10.0,1.0,3.0,-11.0,14.0,0.0,2.0,1.0,25.0,1.0,11.0,3.0,8.0,0.0,6.0,5.0
2020-10-31,5024,297,1657,51,1567,39,821,836,10.0,1.0,3.0,-10.0,14.0,0.0,2.0,2.0,26.0,1.0,10.0,1.0,9.0,0.0,6.0,4.0
2020-11-01,5033,298,1660,40,1580,39,822,837,9.0,1.0,3.0,-11.0,13.0,0.0,1.0,1.0,26.0,1.0,9.0,-1.0,10.0,0.0,5.0,4.0
2020-11-02,5043,299,1663,29,1594,39,824,838,10.0,1.0,3.0,-11.0,14.0,0.0,2.0,1.0,26.0,1.0,7.0,-4.0,11.0,0.0,4.0,3.0
2020-11-03,5053,301,1666,19,1608,39,826,840,10.0,2.0,3.0,-10.0,14.0,0.0,2.0,2.0,19.0,1.0,8.0,-5.0,13.0,0.0,4.0,3.0
2020-11-04,5091,301,1674,27,1608,39,830,844,38.0,0.0,8.0,8.0,0.0,0.0,4.0,4.0,14.0,1.0,4.0,-8.0,12.0,0.0,2.0,2.0
2020-11-05,5202,301,1689,42,1608,39,839,850,111.0,0.0,15.0,15.0,0.0,0.0,9.0,6.0,28.0,1.0,5.0,-4.0,10.0,0.0,3.0,2.0
2020-11-06,5258,301,1714,67,1608,39,853,861,56.0,0.0,25.0,25.0,0.0,0.0,14.0,11.0,35.0,1.0,9.0,1.0,8.0,0.0,5.0,4.0
2020-11-07,5273,303,1720,67,1613,39,854,865,15.0,2.0,6.0,0.0,5.0,0.0,1.0,4.0,36.0,1.0,9.0,2.0,7.0,0.0,5.0,4.0
2020-11-08,5289,305,1726,68,1618,39,855,870,16.0,2.0,6.0,1.0,5.0,0.0,1.0,5.0,37.0,1.0,9.0,4.0,5.0,0.0,5.0,5.0
2020-11-09,5305,307,1732,69,1623,40,857,875,16.0,2.0,6.0,1.0,5.0,1.0,2.0,5.0,37.0,1.0,10.0,6.0,4.0,0.0,5.0,5.0
2020-11-10,5414,310,1764,101,1623,40,870,894,109.0,3.0,32.0,32.0,0.0,0.0,13.0,19.0,52.0,1.0,14.0,12.0,2.0,0.0,6.0,8.0
2020-11-11,5440,310,1836,107,1689,40,878,958,26.0,0.0,72.0,6.0,66.0,0.0,8.0,64.0,50.0,1.0,23.0,11.0,12.0,0.0,7.0,16.0
2020-11-12,5469,310,1851,122,1689,40,883,968,29.0,0.0,15.0,15.0,0.0,0.0,5.0,10.0,38.0,1.0,23.0,11.0,12.0,0.0,6.0,17.0
2020-11-13,5512,310,1871,107,1724,40,891,980,43.0,0.0,20.0,-15.0,35.0,0.0,8.0,12.0,36.0,1.0,22.0,6.0,17.0,0.0,5.0,17.0
2020-11-14,5556,311,1891,92,1759,40,899,992,44.0,1.0,20.0,-15.0,35.0,0.0,8.0,12.0,40.0,1.0,24.0,4.0,21.0,0.0,6.0,18.0
2020-11-15,5599,311,1911,77,1794,40,907,1004,43.0,0.0,20.0,-15.0,35.0,0.0,8.0,12.0,44.0,1.0,26.0,1.0,25.0,0.0,7.0,19.0
2020-11-16,5643,312,1931,62,1829,40,915,1016,44.0,1.0,20.0,-15.0,35.0,0.0,8.0,12.0,48.0,1.0,28.0,-1.0,29.0,0.0,8.0,20.0
2020-11-17,5686,312,1951,47,1864,40,923,1028,43.0,0.0,20.0,-15.0,35.0,0.0,8.0,12.0,39.0,0.0,27.0,-8.0,34.0,0.0,8.0,19.0
2020-11-18,5730,313,1971,32,1899,40,931,1040,44.0,1.0,20.0,-15.0,35.0,0.0,8.0,12.0,41.0,0.0,19.0,-11.0,30.0,0.0,8.0,12.0
2020-11-19,5774,314,1991,17,1934,40,939,1052,44.0,1.0,20.0,-15.0,35.0,0.0,8.0,12.0,44.0,1.0,20.0,-15.0,35.0,0.0,8.0,12.0
2020-11-20,5793,316,2003,29,1934,40,944,1059,19.0,2.0,12.0,12.0,0.0,0.0,5.0,7.0,40.0,1.0,19.0,-11.0,30.0,0.0,8.0,11.0
2020-11-21,5813,319,2016,41,1934,41,950,1066,20.0,3.0,13.0,12.0,0.0,1.0,6.0,7.0,37.0,1.0,18.0,-7.0,25.0,0.0,7.0,11.0
2020-11-22,5833,322,2029,53,1934,41,956,1073,20.0,3.0,13.0,12.0,0.0,0.0,6.0,7.0,33.0,2.0,17.0,-3.0,20.0,0.0,7.0,10.0
2020-11-23,5853,325,2042,65,1935,42,962,1080,20.0,3.0,13.0,12.0,1.0,1.0,6.0,7.0,30.0,2.0,16.0,0.0,15.0,0.0,7.0,9.0
2020-11-24,5931,327,2054,76,1935,43,969,1085,78.0,2.0,12.0,11.0,0.0,1.0,7.0,5.0,35.0,2.0,15.0,4.0,10.0,0.0,7.0,8.0
2020-11-25,5978,332,2103,124,1935,44,988,1115,47.0,5.0,49.0,48.0,0.0,1.0,19.0,30.0,35.0,3.0,19.0,13.0,5.0,1.0,8.0,11.0
2020-11-26,6070,332,2111,14,2053,44,992,1119,92.0,0.0,8.0,-110.0,118.0,0.0,4.0,4.0,42.0,3.0,17.0,-0.0,17.0,1.0,8.0,10.0
2020-11-27,6142,334,2119,21,2054,44,996,1123,72.0,2.0,8.0,7.0,1.0,0.0,4.0,4.0,50.0,3.0,17.0,-1.0,17.0,1.0,7.0,9.0
2020-11-28,6142,335,2125,27,2054,44,1000,1125,0.0,1.0,6.0,6.0,0.0,0.0,4.0,2.0,47.0,2.0,16.0,-2.0,17.0,0.0,7.0,8.0
2020-11-29,6142,336,2132,34,2054,44,1004,1128,0.0,1.0,7.0,7.0,0.0,0.0,4.0,3.0,44.0,2.0,15.0,-3.0,17.0,0.0,7.0,8.0
2020-11-30,6142,337,2139,41,2054,44,1008,1131,0.0,1.0,7.0,7.0,0.0,0.0,4.0,3.0,41.0,2.0,14.0,-3.0,17.0,0.0,7.0,7.0
2020-12-01,6157,337,2148,48,2055,45,1011,1137,15.0,0.0,9.0,7.0,1.0,1.0,3.0,6.0,32.0,1.0,13.0,-4.0,17.0,0.0,6.0,7.0
2020-12-02,6269,341,2192,49,2098,45,1030,1162,112.0,4.0,44.0,1.0,43.0,0.0,19.0,25.0,42.0,1.0,13.0,-11.0,23.0,0.0,6.0,7.0
2020-12-03,6402,341,2220,74,2101,45,1039,1181,133.0,0.0,28.0,25.0,3.0,0.0,9.0,19.0,47.0,1.0,16.0,9.0,7.0,0.0,7.0,9.0
2020-12-04,6479,344,2246,73,2127,46,1047,1199,77.0,3.0,26.0,-1.0,26.0,1.0,8.0,18.0,48.0,1.0,18.0,7.0,10.0,0.0,7.0,11.0
2020-12-05,6481,345,2259,85,2128,46,1054,1204,2.0,1.0,13.0,12.0,1.0,0.0,7.0,5.0,48.0,1.0,19.0,8.0,11.0,0.0,8.0,11.0
2020-12-06,6483,346,2272,97,2129,46,1061,1210,2.0,1.0,13.0,12.0,1.0,0.0,7.0,6.0,49.0,1.0,20.0,9.0,11.0,0.0,8.0,12.0
2020-12-07,6485,348,2285,109,2130,46,1069,1216,2.0,2.0,13.0,12.0,1.0,0.0,8.0,6.0,49.0,2.0,21.0,10.0,11.0,0.0,9.0,12.0
2020-12-08,6647,352,2319,45,2228,46,1090,1229,162.0,4.0,34.0,-64.0,98.0,0.0,21.0,13.0,70.0,2.0,24.0,-0.0,25.0,0.0,11.0,13.0
2020-12-09,6670,352,2373,84,2243,46,1114,1259,23.0,0.0,54.0,39.0,15.0,0.0,24.0,30.0,57.0,2.0,26.0,5.0,21.0,0.0,12.0,14.0
2020-12-10,6670,354,2373,84,2243,46,1114,1259,0.0,2.0,0.0,0.0,0.0,0.0,0.0,0.0,38.0,2.0,22.0,1.0,20.0,0.0,11.0,11.0
2020-12-11,6691,355,2383,94,2243,46,1119,1264,21.0,1.0,10.0,10.0,0.0,0.0,5.0,5.0,30.0,2.0,20.0,3.0,17.0,0.0,10.0,9.0
2020-12-12,6743,355,2402,113,2243,46,1126,1275,52.0,0.0,19.0,19.0,0.0,0.0,7.0,11.0,37.0,1.0,20.0,4.0,16.0,0.0,10.0,10.0
2020-12-13,6795,356,2421,132,2243,46,1134,1287,52.0,1.0,19.0,19.0,0.0,0.0,8.0,12.0,45.0,1.0,21.0,5.0,16.0,0.0,10.0,11.0
2020-12-14,6847,356,2440,151,2243,46,1141,1298,52.0,0.0,19.0,19.0,0.0,0.0,7.0,11.0,52.0,1.0,22.0,6.0,16.0,0.0,10.0,12.0
2020-12-15,6899,357,2459,170,2243,46,1149,1310,52.0,1.0,19.0,19.0,0.0,0.0,8.0,12.0,36.0,1.0,20.0,18.0,2.0,0.0,8.0,12.0
2020-12-16,6995,357,2529,240,2243,46,1179,1350,96.0,0.0,70.0,70.0,0.0,0.0,30.0,40.0,46.0,1.0,22.0,22.0,0.0,0.0,9.0,13.0
2020-12-17,7071,361,2557,103,2408,46,1198,1359,76.0,4.0,28.0,-137.0,165.0,0.0,19.0,9.0,57.0,1.0,26.0,3.0,24.0,0.0,12.0,14.0
2020-12-18,7117,361,2579,121,2412,46,1207,1372,46.0,0.0,22.0,18.0,4.0,0.0,9.0,13.0,61.0,1.0,28.0,4.0,24.0,0.0,13.0,15.0
2020-12-19,7164,362,2602,139,2416,46,1216,1386,47.0,1.0,23.0,18.0,4.0,0.0,9.0,14.0,60.0,1.0,29.0,4.0,25.0,0.0,13.0,16.0
2020-12-20,7211,362,2625,158,2421,46,1225,1400,47.0,0.0,23.0,19.0,5.0,0.0,9.0,14.0,59.0,1.0,29.0,4.0,25.0,0.0,13.0,16.0
2020-12-21,7258,363,2648,176,2425,46,1234,1414,47.0,1.0,23.0,18.0,4.0,0.0,9.0,14.0,59.0,1.0,30.0,4.0,26.0,0.0,13.0,17.0
2020-12-22,7305,364,2671,195,2430,46,1243,1428,47.0,1.0,23.0,19.0,5.0,0.0,9.0,14.0,58.0,1.0,30.0,4.0,27.0,0.0,13.0,17.0
2020-12-23,7326,364,2677,201,2430,46,1245,1432,21.0,0.0,6.0,6.0,0.0,0.0,2.0,4.0,47.0,1.0,21.0,-6.0,27.0,0.0,9.0,12.0
2020-12-24,7372,366,2698,202,2449,46,1255,1442,46.0,2.0,21.0,1.0,19.0,0.0,10.0,10.0,43.0,1.0,20.0,14.0,6.0,0.0,8.0,12.0
2020-12-25,7418,368,2719,204,2468,46,1266,1452,46.0,2.0,21.0,2.0,19.0,0.0,11.0,10.0,43.0,1.0,20.0,12.0,8.0,0.0,8.0,11.0
2020-12-26,7464,370,2740,206,2487,46,1276,1463,46.0,2.0,21.0,2.0,19.0,0.0,10.0,11.0,43.0,1.0,20.0,10.0,10.0,0.0,9.0,11.0
2020-12-27,7510,372,2761,208,2506,46,1287,1473,46.0,2.0,21.0,2.0,19.0,0.0,11.0,10.0,43.0,1.0,19.0,7.0,12.0,0.0,9.0,10.0
2020-12-28,7557,374,2782,210,2525,47,1298,1484,47.0,2.0,21.0,2.0,19.0,1.0,11.0,11.0,43.0,2.0,19.0,5.0,14.0,0.0,9.0,10.0
2020-12-29,7595,376,2814,206,2561,47,1314,1500,38.0,2.0,32.0,-4.0,36.0,0.0,16.0,16.0,41.0,2.0,20.0,2.0,19.0,0.0,10.0,10.0
2020-12-30,7633,379,2847,202,2597,48,1331,1516,38.0,3.0,33.0,-4.0,36.0,1.0,17.0,16.0,44.0,2.0,24.0,0.0,24.0,0.0,12.0,12.0
2020-12-31,7659,380,2864,179,2636,48,1338,1525,26.0,1.0,17.0,-23.0,39.0,0.0,7.0,9.0,41.0,2.0,24.0,-3.0,27.0,0.0,12.0,12.0
2021-01-01,7685,382,2881,157,2676,48,1346,1534,26.0,2.0,17.0,-22.0,40.0,0.0,8.0,9.0,38.0,2.0,23.0,-7.0,30.0,0.0,11.0,12.0
2021-01-02,7711,383,2898,134,2715,48,1354,1544,26.0,1.0,17.0,-23.0,39.0,0.0,8.0,10.0,35.0,2.0,23.0,-10.0,33.0,0.0,11.0,12.0
2021-01-03,7738,385,2915,112,2755,48,1362,1553,27.0,2.0,17.0,-22.0,40.0,0.0,8.0,9.0,33.0,2.0,22.0,-14.0,36.0,0.0,11.0,11.0
2021-01-04,7764,387,2932,90,2794,48,1369,1562,26.0,2.0,17.0,-22.0,39.0,0.0,7.0,9.0,30.0,2.0,21.0,-17.0,38.0,0.0,10.0,11.0
2021-01-05,7790,388,2949,67,2834,48,1377,1572,26.0,1.0,17.0,-23.0,40.0,0.0,8.0,10.0,28.0,2.0,19.0,-20.0,39.0,0.0,9.0,10.0
2021-01-06,7816,390,2966,45,2873,48,1385,1581,26.0,2.0,17.0,-22.0,39.0,0.0,8.0,9.0,26.0,2.0,17.0,-22.0,39.0,0.0,8.0,9.0
2021-01-07,7843,392,2984,23,2913,48,1393,1591,27.0,2.0,18.0,-22.0,40.0,0.0,8.0,10.0,26.0,2.0,17.0,-22.0,40.0,0.0,8.0,9.0
2021-01-08,7948,395,2987,23,2914,48,1396,1591,105.0,3.0,3.0,0.0,1.0,0.0,3.0,0.0,38.0,2.0,15.0,-19.0,34.0,0.0,7.0,8.0
2021-01-09,8053,396,2987,23,2914,50,1396,1591,105.0,1.0,0.0,0.0,0.0,2.0,0.0,0.0,49.0,2.0,13.0,-16.0,28.0,0.0,6.0,7.0
2021-01-10,8123,400,3038,20,2968,50,1419,1619,70.0,4.0,51.0,-3.0,54.0,0.0,23.0,28.0,55.0,2.0,18.0,-13.0,30.0,0.0,8.0,9.0
2021-01-11,8123,403,3093,20,3023,50,1456,1637,0.0,3.0,55.0,0.0,55.0,0.0,37.0,18.0,51.0,2.0,23.0,-10.0,33.0,0.0,12.0,11.0
2021-01-12,8123,406,3149,20,3079,50,1494,1655,0.0,3.0,56.0,0.0,56.0,0.0,38.0,18.0,48.0,3.0,29.0,-7.0,35.0,0.0,17.0,12.0
2021-01-13,8124,407,3150,19,3079,52,1495,1655,1.0,1.0,1.0,-1.0,0.0,2.0,1.0,0.0,44.0,2.0,26.0,-4.0,29.0,1.0,16.0,11.0
2021-01-14,8124,408,3207,17,3138,52,1495,1712,0.0,1.0,57.0,-2.0,59.0,0.0,0.0,57.0,40.0,2.0,32.0,-1.0,32.0,1.0,15.0,17.0
2021-01-15,8124,410,3264,18,3194,52,1495,1769,0.0,2.0,57.0,1.0,56.0,0.0,0.0,57.0,25.0,2.0,40.0,-1.0,40.0,1.0,14.0,25.0
2021-01-16,8124,413,3269,18,3196,52,1497,1772,0.0,3.0,5.0,0.0,2.0,0.0,2.0,3.0,10.0,2.0,40.0,-1.0,40.0,0.0,14.0,26.0
2021-01-17,8124,414,3269,18,3196,52,1497,1772,0.0,1.0,0.0,0.0,0.0,0.0,0.0,0.0,0.0,2.0,33.0,-0.0,33.0,0.0,11.0,22.0
2021-01-18,8195,416,3323,54,3217,52,1529,1794,71.0,2.0,54.0,36.0,21.0,0.0,32.0,22.0,10.0,2.0,33.0,5.0,28.0,0.0,10.0,22.0
2021-01-19,8249,418,3385,105,3225,55,1555,1830,54.0,2.0,62.0,51.0,8.0,3.0,26.0,36.0,18.0,2.0,34.0,12.0,21.0,1.0,9.0,25.0
2021-01-20,8286,423,3426,145,3225,56,1575,1851,37.0,5.0,41.0,40.0,0.0,1.0,20.0,21.0,23.0,2.0,39.0,18.0,21.0,1.0,11.0,28.0
2021-01-21,8580,425,3566,13,3497,56,1636,1930,294.0,2.0,140.0,-132.0,272.0,0.0,61.0,79.0,65.0,2.0,51.0,-1.0,51.0,1.0,20.0,31.0
2021-01-22,8633,426,3590,13,3521,56,1643,1947,53.0,1.0,24.0,0.0,24.0,0.0,7.0,17.0,73.0,2.0,47.0,-1.0,47.0,1.0,21.0,25.0
2021-01-23,8633,427,3590,13,3523,56,1643,1947,0.0,1.0,0.0,0.0,2.0,0.0,0.0,0.0,73.0,2.0,46.0,-1.0,47.0,1.0,21.0,25.0
2021-01-24,8636,431,3593,10,3526,56,1645,1948,3.0,4.0,3.0,-3.0,3.0,0.0,2.0,1.0,73.0,2.0,46.0,-1.0,47.0,1.0,21.0,25.0
2021-01-25,8636,436,3763,33,3671,59,1717,2046,0.0,5.0,170.0,23.0,145.0,3.0,72.0,98.0,63.0,3.0,63.0,-3.0,65.0,1.0,27.0,36.0
2021-01-26,8737,438,3860,28,3772,60,1769,2091,101.0,2.0,97.0,-5.0,101.0,1.0,52.0,45.0,70.0,3.0,68.0,-11.0,78.0,1.0,31.0,37.0
2021-01-27,8854,439,3929,29,3840,60,1796,2133,117.0,1.0,69.0,1.0,68.0,0.0,27.0,42.0,81.0,2.0,72.0,-17.0,88.0,1.0,32.0,40.0
2021-01-28,8908,441,3930,29,3840,61,1796,2134,54.0,2.0,1.0,0.0,0.0,1.0,0.0,1.0,47.0,2.0,52.0,2.0,49.0,1.0,23.0,29.0
2021-01-29,9006,441,3941,29,3851,61,1801,2140,98.0,0.0,11.0,0.0,11.0,0.0,5.0,6.0,53.0,2.0,50.0,2.0,47.0,1.0,23.0,28.0
2021-01-30,9006,443,3941,29,3851,61,1801,2140,0.0,2.0,0.0,0.0,0.0,0.0,0.0,0.0,53.0,2.0,50.0,2.0,47.0,1.0,23.0,28.0
2021-01-31,9006,444,3941,29,3851,61,1801,2140,0.0,1.0,0.0,0.0,0.0,0.0,0.0,0.0,53.0,2.0,50.0,3.0,46.0,1.0,22.0,27.0
2021-02-01,9111,445,3962,29,3871,62,1807,2154,105.0,1.0,21.0,0.0,20.0,1.0,6.0,14.0,68.0,1.0,28.0,-1.0,29.0,0.0,13.0,15.0
2021-02-02,9217,447,4075,29,3982,64,1849,2226,106.0,2.0,113.0,0.0,111.0,2.0,42.0,72.0,69.0,1.0,31.0,0.0,30.0,1.0,11.0,19.0
2021-02-03,9376,447,4150,29,4057,64,1888,2262,159.0,0.0,75.0,0.0,75.0,0.0,39.0,36.0,75.0,1.0,32.0,0.0,31.0,1.0,13.0,18.0
2021-02-04,9499,447,4150,21,4065,64,1888,2262,123.0,0.0,0.0,-8.0,8.0,0.0,0.0,0.0,84.0,1.0,31.0,-1.0,32.0,0.0,13.0,18.0
2021-02-05,9866,448,4219,21,4134,64,1926,2293,367.0,1.0,69.0,0.0,69.0,0.0,38.0,31.0,123.0,1.0,40.0,-1.0,40.0,0.0,18.0,22.0
2021-02-06,9866,449,4219,21,4134,64,1926,2293,0.0,1.0,0.0,0.0,0.0,0.0,0.0,0.0,123.0,1.0,40.0,-1.0,40.0,0.0,18.0,22.0
2021-02-07,9866,450,4219,21,4134,64,1926,2293,0.0,1.0,0.0,0.0,0.0,0.0,0.0,0.0,123.0,1.0,40.0,-1.0,40.0,0.0,18.0,22.0
2021-02-08,9976,453,4272,23,4185,64,1943,2329,110.0,3.0,53.0,2.0,51.0,0.0,17.0,36.0,124.0,1.0,44.0,-1.0,45.0,0.0,19.0,25.0
2021-02-09,10011,456,4340,29,4247,64,1966,2374,35.0,3.0,68.0,6.0,62.0,0.0,23.0,45.0,113.0,1.0,38.0,0.0,38.0,0.0,17.0,21.0
2021-02-10,10221,456,4430,28,4337,65,2000,2430,210.0,0.0,90.0,-1.0,90.0,1.0,34.0,56.0,121.0,1.0,40.0,-0.0,40.0,0.0,16.0,24.0
2021-02-11,10511,456,4564,20,4477,67,2058,2506,290.0,0.0,134.0,-8.0,140.0,2.0,58.0,76.0,145.0,1.0,59.0,-0.0,59.0,0.0,24.0,35.0
2021-02-12,10722,457,4567,20,4477,70,2060,2507,211.0,1.0,3.0,0.0,0.0,3.0,2.0,1.0,122.0,1.0,50.0,-0.0,49.0,1.0,19.0,31.0
2021-02-13,10722,458,4567,20,4477,70,2060,2507,0.0,1.0,0.0,0.0,0.0,0.0,0.0,0.0,122.0,1.0,50.0,-0.0,49.0,1.0,19.0,31.0
2021-02-14,10722,460,4568,21,4477,70,2060,2508,0.0,2.0,1.0,1.0,0.0,0.0,0.0,1.0,122.0,1.0,50.0,0.0,49.0,1.0,19.0,31.0
2021-02-15,10946,460,4611,22,4519,70,2077,2534,224.0,0.0,43.0,1.0,42.0,0.0,17.0,26.0,139.0,1.0,48.0,-0.0,48.0,1.0,19.0,29.0
2021-02-16,11159,460,4717,21,4626,70,2118,2599,213.0,0.0,106.0,-1.0,107.0,0.0,41.0,65.0,164.0,1.0,54.0,-1.0,54.0,1.0,22.0,32.0
2021-02-17,11354,460,4796,20,4703,73,2154,2642,195.0,0.0,79.0,-1.0,77.0,3.0,36.0,43.0,162.0,1.0,52.0,-1.0,52.0,1.0,22.0,30.0
2021-02-18,11571,461,4950,18,4920,73,2225,2725,217.0,1.0,154.0,-2.0,217.0,0.0,71.0,83.0,151.0,1.0,55.0,-0.0,63.0,1.0,24.0,31.0
2021-02-19,11696,464,5092,20,5062,75,2282,2810,125.0,3.0,142.0,2.0,142.0,2.0,57.0,85.0,139.0,1.0,75.0,0.0,84.0,1.0,32.0,43.0
2021-02-20,11696,464,5092,18,5063,75,2282,2810,0.0,0.0,0.0,-2.0,1.0,0.0,0.0,0.0,139.0,1.0,75.0,-0.0,84.0,1.0,32.0,43.0
2021-02-21,11696,464,5092,17,5065,75,2282,2810,0.0,0.0,0.0,-1.0,2.0,0.0,0.0,0.0,139.0,1.0,75.0,-1.0,84.0,1.0,32.0,43.0
2021-02-22,11779,464,5175,17,5147,75,2324,2851,83.0,0.0,83.0,0.0,82.0,0.0,42.0,41.0,119.0,1.0,81.0,-1.0,90.0,1.0,35.0,45.0
2021-02-23,11961,466,5219,19,5190,75,2342,2877,182.0,2.0,44.0,2.0,43.0,0.0,18.0,26.0,115.0,1.0,72.0,-0.0,81.0,1.0,32.0,40.0
2021-02-24,12099,467,5255,8,5190,75,2365,2890,138.0,1.0,36.0,-11.0,0.0,0.0,23.0,13.0,106.0,1.0,66.0,-2.0,70.0,0.0,30.0,35.0
2021-02-25,12133,467,5264,8,5190,75,2369,2895,34.0,0.0,9.0,0.0,0.0,0.0,4.0,5.0,80.0,1.0,45.0,-1.0,39.0,0.0,21.0,24.0
2021-02-26,12170,467,5274,8,5191,75,2374,2900,37.0,0.0,10.0,0.0,1.0,0.0,5.0,5.0,68.0,0.0,26.0,-2.0,18.0,0.0,13.0,13.0
2021-02-27,12170,467,5275,9,5191,75,2375,2900,0.0,0.0,1.0,1.0,0.0,0.0,1.0,0.0,68.0,0.0,26.0,-1.0,18.0,0.0,13.0,13.0
2021-02-28,12170,469,5275,9,5191,75,2375,2900,0.0,2.0,0.0,0.0,0.0,0.0,0.0,0.0,68.0,1.0,26.0,-1.0,18.0,0.0,13.0,13.0
2021-03-01,12203,470,5292,9,5208,75,2385,2907,33.0,1.0,17.0,0.0,17.0,0.0,10.0,7.0,61.0,1.0,17.0,-1.0,9.0,0.0,9.0,8.0
2021-03-02,12282,471,5329,9,5245,75,2403,2926,79.0,1.0,37.0,0.0,37.0,0.0,18.0,19.0,46.0,1.0,16.0,-1.0,8.0,0.0,9.0,7.0
2021-03-03,12387,471,5340,9,5256,75,2411,2929,105.0,0.0,11.0,0.0,11.0,0.0,8.0,3.0,41.0,1.0,12.0,0.0,9.0,0.0,7.0,6.0
2021-03-04,12463,474,5351,10,5266,75,2416,2935,76.0,3.0,11.0,1.0,10.0,0.0,5.0,6.0,47.0,1.0,12.0,0.0,11.0,0.0,7.0,6.0
2021-03-05,12476,474,5361,10,5276,75,2422,2939,13.0,0.0,10.0,0.0,10.0,0.0,6.0,4.0,44.0,1.0,12.0,0.0,12.0,0.0,7.0,6.0
2021-03-06,12476,476,5362,10,5277,75,2422,2940,0.0,2.0,1.0,0.0,1.0,0.0,0.0,1.0,44.0,1.0,12.0,0.0,12.0,0.0,7.0,6.0
2021-03-07,12476,477,5362,10,5277,75,2422,2940,0.0,1.0,0.0,0.0,0.0,0.0,0.0,0.0,44.0,1.0,12.0,0.0,12.0,0.0,7.0,6.0
2021-03-08,12585,479,5389,10,5303,76,2432,2957,109.0,2.0,27.0,0.0,26.0,1.0,10.0,17.0,55.0,1.0,14.0,0.0,14.0,0.0,7.0,7.0
2021-03-09,12623,479,5417,7,5333,77,2445,2972,38.0,0.0,28.0,-3.0,30.0,1.0,13.0,15.0,49.0,1.0,13.0,-0.0,13.0,0.0,6.0,7.0
2021-03-10,12816,483,5442,7,5358,77,2454,2988,193.0,4.0,25.0,0.0,25.0,0.0,9.0,16.0,61.0,2.0,15.0,-0.0,15.0,0.0,6.0,8.0
2021-03-11,12918,486,5451,7,5366,78,2460,2991,102.0,3.0,9.0,0.0,8.0,1.0,6.0,3.0,65.0,2.0,14.0,-0.0,14.0,0.0,6.0,8.0
2021-03-12,12994,494,5470,7,5385,78,2468,3002,76.0,8.0,19.0,0.0,19.0,0.0,8.0,11.0,74.0,3.0,16.0,-0.0,16.0,0.0,7.0,9.0
2021-03-13,12994,496,5470,7,5385,78,2468,3002,0.0,2.0,0.0,0.0,0.0,0.0,0.0,0.0,74.0,3.0,15.0,-0.0,15.0,0.0,7.0,9.0
2021-03-14,12994,503,5470,7,5385,78,2468,3002,0.0,7.0,0.0,0.0,0.0,0.0,0.0,0.0,74.0,4.0,15.0,-0.0,15.0,0.0,7.0,9.0
2021-03-15,13032,504,5491,7,5406,78,2480,3011,38.0,1.0,21.0,0.0,21.0,0.0,12.0,9.0,64.0,4.0,15.0,-0.0,15.0,0.0,7.0,8.0
2021-03-16,13255,507,5543,7,5458,78,2505,3038,223.0,3.0,52.0,0.0,52.0,0.0,25.0,27.0,90.0,4.0,18.0,0.0,18.0,0.0,9.0,9.0
2021-03-17,13411,509,5560,7,5475,78,2513,3047,156.0,2.0,17.0,0.0,17.0,0.0,8.0,9.0,85.0,4.0,17.0,0.0,17.0,0.0,8.0,8.0
2021-03-18,13520,512,5576,7,5491,78,2519,3057,109.0,3.0,16.0,0.0,16.0,0.0,6.0,10.0,86.0,4.0,18.0,0.0,18.0,0.0,8.0,9.0
2021-03-19,13592,515,5613,7,5528,78,2531,3082,72.0,3.0,37.0,0.0,37.0,0.0,12.0,25.0,85.0,3.0,20.0,0.0,20.0,0.0,9.0,11.0
2021-03-20,13592,520,5613,7,5528,78,2531,3082,0.0,5.0,0.0,0.0,0.0,0.0,0.0,0.0,85.0,3.0,20.0,0.0,20.0,0.0,9.0,11.0
2021-03-21,13592,526,5613,7,5528,78,2531,3082,0.0,6.0,0.0,0.0,0.0,0.0,0.0,0.0,85.0,3.0,20.0,0.0,20.0,0.0,9.0,11.0
2021-03-22,13808,530,5631,9,5544,78,2545,3086,216.0,4.0,18.0,2.0,16.0,0.0,14.0,4.0,111.0,4.0,20.0,0.0,20.0,0.0,9.0,11.0
2021-03-23,14039,530,5704,7,5617,80,2574,3130,231.0,0.0,73.0,-2.0,73.0,2.0,29.0,44.0,112.0,3.0,23.0,0.0,23.0,0.0,10.0,13.0
2021-03-24,14087,530,5721,7,5634,80,2583,3138,48.0,0.0,17.0,0.0,17.0,0.0,9.0,8.0,97.0,3.0,23.0,0.0,23.0,0.0,10.0,13.0
2021-03-25,14237,541,5759,7,5672,80,2601,3158,150.0,11.0,38.0,0.0,38.0,0.0,18.0,20.0,102.0,4.0,26.0,0.0,26.0,0.0,12.0,14.0
2021-03-26,14252,545,5799,11,5708,80,2619,3180,15.0,4.0,40.0,4.0,36.0,0.0,18.0,22.0,94.0,4.0,27.0,1.0,26.0,0.0,13.0,14.0
2021-03-27,14252,547,5800,12,5708,80,2620,3180,0.0,2.0,1.0,1.0,0.0,0.0,1.0,0.0,94.0,4.0,27.0,1.0,26.0,0.0,13.0,14.0
2021-03-28,14252,549,5800,12,5708,80,2620,3180,0.0,2.0,0.0,0.0,0.0,0.0,0.0,0.0,94.0,3.0,27.0,1.0,26.0,0.0,13.0,14.0
2021-03-29,14448,556,5809,12,5708,81,2624,3184,196.0,7.0,9.0,0.0,0.0,1.0,4.0,4.0,91.0,4.0,25.0,0.0,23.0,0.0,11.0,14.0
2021-03-30,14540,562,5854,12,5760,82,2647,3207,92.0,6.0,45.0,0.0,52.0,1.0,23.0,23.0,72.0,5.0,21.0,1.0,20.0,0.0,10.0,11.0
2021-03-31,14647,563,5917,15,5820,82,2670,3247,107.0,1.0,63.0,3.0,60.0,0.0,23.0,40.0,80.0,5.0,28.0,1.0,27.0,0.0,12.0,16.0
2021-04-01,14647,567,5917,15,5820,82,2670,3247,0.0,4.0,0.0,0.0,0.0,0.0,0.0,0.0,59.0,4.0,23.0,1.0,21.0,0.0,10.0,13.0
2021-04-02,14647,569,5917,15,5820,82,2670,3247,0.0,2.0,0.0,0.0,0.0,0.0,0.0,0.0,56.0,3.0,17.0,1.0,16.0,0.0,7.0,10.0
2021-04-03,14647,573,5917,15,5820,82,2670,3247,0.0,4.0,0.0,0.0,0.0,0.0,0.0,0.0,56.0,4.0,17.0,0.0,16.0,0.0,7.0,10.0
2021-04-04,14647,576,5917,15,5820,82,2670,3247,0.0,3.0,0.0,0.0,0.0,0.0,0.0,0.0,56.0,4.0,17.0,0.0,16.0,0.0,7.0,10.0
2021-04-05,14829,581,5957,15,5860,82,2685,3272,182.0,5.0,40.0,0.0,40.0,0.0,15.0,25.0,54.0,4.0,21.0,0.0,22.0,0.0,9.0,13.0
2021-04-06,14937,584,5990,14,5889,87,2705,3285,108.0,3.0,33.0,-1.0,29.0,5.0,20.0,13.0,57.0,3.0,19.0,0.0,18.0,1.0,8.0,11.0
2021-04-07,15033,585,5990,14,5889,87,2705,3285,96.0,1.0,0.0,0.0,0.0,0.0,0.0,0.0,55.0,3.0,10.0,-0.0,10.0,1.0,5.0,5.0
2021-04-08,15092,589,6025,13,5924,88,2725,3300,59.0,4.0,35.0,-1.0,35.0,1.0,20.0,15.0,64.0,3.0,15.0,-0.0,15.0,1.0,8.0,8.0
2021-04-09,15093,592,6027,12,5925,89,2726,3301,1.0,3.0,2.0,-1.0,1.0,1.0,1.0,1.0,64.0,3.0,16.0,-0.0,15.0,1.0,8.0,8.0
2021-04-10,15093,596,6027,12,5925,89,2726,3301,0.0,4.0,0.0,0.0,0.0,0.0,0.0,0.0,64.0,3.0,16.0,-0.0,15.0,1.0,8.0,8.0
2021-04-11,15093,598,6027,12,5925,89,2726,3301,0.0,2.0,0.0,0.0,0.0,0.0,0.0,0.0,64.0,3.0,16.0,-0.0,15.0,1.0,8.0,8.0
2021-04-12,15465,604,6081,12,5975,94,2754,3327,372.0,6.0,54.0,0.0,50.0,5.0,28.0,26.0,91.0,3.0,18.0,-0.0,16.0,2.0,10.0,8.0
2021-04-13,15657,606,6081,12,5975,94,2754,3327,192.0,2.0,0.0,0.0,0.0,0.0,0.0,0.0,103.0,3.0,13.0,-0.0,12.0,1.0,7.0,6.0
2021-04-14,15696,607,6244,19,6131,94,2831,3413,39.0,1.0,163.0,7.0,156.0,0.0,77.0,86.0,95.0,3.0,36.0,1.0,35.0,1.0,18.0,18.0
2021-04-15,15765,610,6313,20,6198,95,2861,3452,69.0,3.0,69.0,1.0,67.0,1.0,30.0,39.0,96.0,3.0,41.0,1.0,39.0,1.0,19.0,22.0
2021-04-16,15885,613,6333,18,6220,95,2870,3463,120.0,3.0,20.0,-2.0,22.0,0.0,9.0,11.0,113.0,3.0,44.0,1.0,42.0,1.0,21.0,23.0
2021-04-17,15885,616,6334,19,6220,95,2870,3464,0.0,3.0,1.0,1.0,0.0,0.0,0.0,1.0,113.0,3.0,44.0,1.0,42.0,1.0,21.0,23.0
2021-04-18,15885,619,6334,19,6220,95,2870,3464,0.0,3.0,0.0,0.0,0.0,0.0,0.0,0.0,113.0,3.0,44.0,1.0,42.0,1.0,21.0,23.0
2021-04-19,16133,625,6340,17,6226,97,2872,3468,248.0,6.0,6.0,-2.0,6.0,2.0,2.0,4.0,95.0,3.0,37.0,1.0,36.0,0.0,17.0,20.0
2021-04-20,16230,627,6403,21,6285,97,2903,3468,97.0,2.0,63.0,4.0,59.0,0.0,31.0,0.0,82.0,3.0,46.0,1.0,44.0,0.0,21.0,20.0
2021-04-21,16230,630,6403,21,6285,97,2903,3468,0.0,3.0,0.0,0.0,0.0,0.0,0.0,0.0,76.0,3.0,23.0,0.0,22.0,0.0,10.0,8.0
2021-04-22,16281,630,6470,16,6357,97,2925,3545,51.0,0.0,67.0,-5.0,72.0,0.0,22.0,77.0,74.0,3.0,22.0,-1.0,23.0,0.0,9.0,13.0
2021-04-23,16500,634,6477,23,6357,97,2928,3549,219.0,4.0,7.0,7.0,0.0,0.0,3.0,4.0,88.0,3.0,21.0,1.0,20.0,0.0,8.0,12.0
2021-04-24,16500,639,6477,20,6360,97,2928,3549,0.0,5.0,0.0,-3.0,3.0,0.0,0.0,0.0,88.0,3.0,20.0,0.0,20.0,0.0,8.0,12.0
2021-04-25,16500,643,6477,18,6362,97,2928,3549,0.0,4.0,0.0,-2.0,2.0,0.0,0.0,0.0,88.0,3.0,20.0,-0.0,20.0,0.0,8.0,12.0
2021-04-26,16500,645,6477,18,6362,97,2928,3549,0.0,2.0,0.0,0.0,0.0,0.0,0.0,0.0,52.0,3.0,20.0,0.0,19.0,0.0,8.0,12.0
2021-04-27,16857,648,6555,19,6439,97,2971,3584,357.0,3.0,78.0,1.0,77.0,0.0,43.0,35.0,90.0,3.0,22.0,-0.0,22.0,0.0,10.0,17.0
2021-04-28,16973,648,6579,19,6461,99,2984,3594,116.0,0.0,24.0,0.0,22.0,2.0,13.0,10.0,106.0,3.0,25.0,-0.0,25.0,0.0,12.0,18.0
2021-04-29,17158,653,6724,17,6606,101,3046,3678,185.0,5.0,145.0,-2.0,145.0,2.0,62.0,84.0,125.0,3.0,36.0,0.0,36.0,1.0,17.0,19.0
2021-04-30,17270,656,6850,17,6732,101,3099,3751,112.0,3.0,126.0,0.0,126.0,0.0,53.0,73.0,110.0,3.0,53.0,-1.0,54.0,1.0,24.0,29.0
2021-05-01,17270,658,6850,18,6732,101,3099,3751,0.0,2.0,0.0,1.0,0.0,0.0,0.0,0.0,110.0,3.0,53.0,-0.0,53.0,1.0,24.0,29.0
2021-05-02,17270,660,6850,18,6732,101,3099,3751,0.0,2.0,0.0,0.0,0.0,0.0,0.0,0.0,110.0,2.0,53.0,0.0,53.0,1.0,24.0,29.0
2021-05-03,17532,663,6883,18,6763,102,3112,3771,262.0,3.0,33.0,0.0,31.0,1.0,13.0,20.0,147.0,3.0,58.0,0.0,57.0,1.0,26.0,32.0
2021-05-04,17575,667,6895,21,6772,102,3118,3777,43.0,4.0,12.0,3.0,9.0,0.0,6.0,6.0,103.0,3.0,49.0,0.0,48.0,1.0,21.0,28.0
2021-05-05,17659,670,6934,21,6810,103,3136,3798,84.0,3.0,39.0,0.0,38.0,1.0,18.0,21.0,98.0,3.0,51.0,0.0,50.0,1.0,22.0,29.0
2021-05-06,17735,673,6951,21,6810,105,3140,3811,76.0,3.0,17.0,0.0,0.0,2.0,4.0,13.0,82.0,3.0,32.0,1.0,29.0,1.0,13.0,19.0
2021-05-07,17824,675,6951,21,6810,105,3140,3811,89.0,2.0,0.0,0.0,0.0,0.0,0.0,0.0,79.0,3.0,14.0,1.0,11.0,1.0,6.0,9.0
2021-05-08,17824,676,6951,21,6810,105,3140,3811,0.0,1.0,0.0,0.0,0.0,0.0,0.0,0.0,79.0,3.0,14.0,0.0,11.0,1.0,6.0,9.0
2021-05-09,17824,680,6951,21,6810,105,3140,3811,0.0,4.0,0.0,0.0,0.0,0.0,0.0,0.0,79.0,3.0,14.0,0.0,11.0,1.0,6.0,9.0
2021-05-10,18054,682,6978,25,6848,105,3151,3827,230.0,2.0,27.0,4.0,38.0,0.0,11.0,16.0,75.0,3.0,14.0,1.0,12.0,0.0,6.0,8.0
2021-05-11,18097,683,7026,24,6896,106,3176,3850,43.0,1.0,48.0,-1.0,48.0,1.0,25.0,23.0,75.0,2.0,19.0,0.0,18.0,1.0,8.0,10.0
2021-05-12,18157,686,7031,24,6901,106,3178,3853,60.0,3.0,5.0,0.0,5.0,0.0,2.0,3.0,71.0,2.0,14.0,0.0,13.0,0.0,6.0,8.0
2021-05-13,18192,688,7044,24,6914,106,3182,3862,35.0,2.0,13.0,0.0,13.0,0.0,4.0,9.0,65.0,2.0,13.0,0.0,15.0,0.0,6.0,7.0
2021-05-14,18453,691,7070,24,6940,106,3196,3874,261.0,3.0,26.0,0.0,26.0,0.0,14.0,12.0,90.0,2.0,17.0,0.0,19.0,0.0,8.0,9.0
2021-05-15,18453,693,7070,23,6941,106,3196,3874,0.0,2.0,0.0,-1.0,1.0,0.0,0.0,0.0,90.0,2.0,17.0,0.0,19.0,0.0,8.0,9.0
2021-05-16,18453,695,7070,19,6945,106,3196,3874,0.0,2.0,0.0,-4.0,4.0,0.0,0.0,0.0,90.0,2.0,17.0,-0.0,19.0,0.0,8.0,9.0
2021-05-17,18453,695,7115,23,6986,106,3217,3898,0.0,0.0,45.0,4.0,41.0,0.0,21.0,24.0,57.0,2.0,20.0,-0.0,20.0,0.0,9.0,10.0
2021-05-18,18538,700,7150,23,7021,106,3236,3914,85.0,5.0,35.0,0.0,35.0,0.0,19.0,16.0,63.0,2.0,18.0,-0.0,18.0,0.0,9.0,9.0
2021-05-19,18772,705,7202,20,7076,106,3256,3946,234.0,5.0,52.0,-3.0,55.0,0.0,20.0,32.0,88.0,3.0,24.0,-1.0,25.0,0.0,11.0,13.0
2021-05-20,18772,706,7233,18,7109,106,3270,3963,0.0,1.0,31.0,-2.0,33.0,0.0,14.0,17.0,83.0,3.0,27.0,-1.0,28.0,0.0,13.0,14.0
2021-05-21,18772,706,7233,16,7111,106,3270,3963,0.0,0.0,0.0,-2.0,2.0,0.0,0.0,0.0,46.0,2.0,23.0,-1.0,24.0,0.0,11.0,13.0
2021-05-22,18772,707,7233,16,7111,106,3270,3963,0.0,1.0,0.0,0.0,0.0,0.0,0.0,0.0,46.0,2.0,23.0,-1.0,24.0,0.0,11.0,13.0
2021-05-23,18772,712,7233,16,7111,106,3270,3963,0.0,5.0,0.0,0.0,0.0,0.0,0.0,0.0,46.0,2.0,23.0,-0.0,24.0,0.0,11.0,13.0
2021-05-24,18772,716,7233,16,7111,106,3270,3963,0.0,4.0,0.0,0.0,0.0,0.0,0.0,0.0,46.0,3.0,17.0,-1.0,18.0,0.0,8.0,9.0
2021-05-25,18772,717,7233,15,7111,107,3270,3963,0.0,1.0,0.0,-1.0,0.0,1.0,0.0,0.0,33.0,2.0,12.0,-1.0,13.0,0.0,5.0,7.0
2021-05-26,18772,720,7233,14,7111,109,3270,3963,0.0,3.0,0.0,-1.0,0.0,2.0,0.0,0.0,0.0,2.0,4.0,-1.0,5.0,0.0,2.0,2.0
2021-05-27,18772,723,7233,14,7111,109,3270,3963,0.0,3.0,0.0,0.0,0.0,0.0,0.0,0.0,0.0,2.0,0.0,-1.0,0.0,0.0,0.0,0.0
2021-05-28,18772,725,7233,14,7111,109,3270,3963,0.0,2.0,0.0,0.0,0.0,0.0,0.0,0.0,0.0,3.0,0.0,-0.0,0.0,0.0,0.0,0.0
2021-05-29,18772,725,7233,14,7111,109,3270,3963,0.0,0.0,0.0,0.0,0.0,0.0,0.0,0.0,0.0,3.0,0.0,-0.0,0.0,0.0,0.0,0.0
2021-05-30,18772,725,7233,14,7111,109,3270,3963,0.0,0.0,0.0,0.0,0.0,0.0,0.0,0.0,0.0,2.0,0.0,-0.0,0.0,0.0,0.0,0.0
2021-05-31,18772,725,7233,15,7111,109,3270,3963,0.0,0.0,0.0,1.0,0.0,0.0,0.0,0.0,0.0,1.0,0.0,-0.0,0.0,0.0,0.0,0.0
2021-06-01,18844,733,7255,15,7129,113,3282,3973,72.0,8.0,22.0,0.0,18.0,4.0,12.0,10.0,10.0,2.0,3.0,0.0,3.0,1.0,2.0,1.0
2021-06-02,19082,734,7255,14,7129,114,3282,3973,238.0,1.0,0.0,-1.0,0.0,1.0,0.0,0.0,44.0,2.0,3.0,0.0,3.0,1.0,2.0,1.0
2021-06-03,19082,734,7255,14,7129,114,3282,3973,0.0,0.0,0.0,0.0,0.0,0.0,0.0,0.0,44.0,2.0,3.0,0.0,3.0,1.0,2.0,1.0
2021-06-04,19082,738,7255,14,7129,114,3282,3973,0.0,4.0,0.0,0.0,0.0,0.0,0.0,0.0,44.0,2.0,3.0,0.0,3.0,1.0,2.0,1.0
2021-06-05,19082,741,7255,14,7129,114,3282,3973,0.0,3.0,0.0,0.0,0.0,0.0,0.0,0.0,44.0,2.0,3.0,0.0,3.0,1.0,2.0,1.0
2021-06-06,19082,741,7255,14,7129,114,3282,3973,0.0,0.0,0.0,0.0,0.0,0.0,0.0,0.0,44.0,2.0,3.0,0.0,3.0,1.0,2.0,1.0
2021-06-07,19194,744,7255,13,7129,115,3282,3973,112.0,3.0,0.0,-1.0,0.0,1.0,0.0,0.0,60.0,3.0,3.0,-0.0,3.0,1.0,2.0,1.0
2021-06-08,19237,750,7304,16,7175,115,3303,4001,43.0,6.0,49.0,3.0,46.0,0.0,21.0,28.0,56.0,2.0,7.0,0.0,7.0,0.0,3.0,4.0
2021-06-09,19465,750,7322,16,7193,115,3312,4010,228.0,0.0,18.0,0.0,18.0,0.0,9.0,9.0,55.0,2.0,10.0,0.0,9.0,0.0,4.0,5.0
2021-06-10,19615,754,7328,12,7201,117,3316,4012,150.0,4.0,6.0,-4.0,8.0,2.0,4.0,2.0,76.0,3.0,10.0,-0.0,10.0,0.0,5.0,6.0
2021-06-11,19615,755,7345,12,7218,117,3323,4022,0.0,1.0,17.0,0.0,17.0,0.0,7.0,10.0,76.0,2.0,13.0,-0.0,13.0,0.0,6.0,7.0
2021-06-12,19615,755,7345,12,7218,117,3323,4022,0.0,0.0,0.0,0.0,0.0,0.0,0.0,0.0,76.0,2.0,13.0,-0.0,13.0,0.0,6.0,7.0
2021-06-13,19615,755,7345,12,7218,117,3323,4022,0.0,0.0,0.0,0.0,0.0,0.0,0.0,0.0,76.0,2.0,13.0,-0.0,13.0,0.0,6.0,7.0
2021-06-14,19812,759,7414,11,7287,118,3355,4059,197.0,4.0,69.0,-1.0,69.0,1.0,32.0,37.0,88.0,2.0,23.0,-0.0,23.0,0.0,10.0,12.0
2021-06-15,19972,759,7458,11,7328,121,3377,4081,160.0,0.0,44.0,0.0,41.0,3.0,22.0,22.0,105.0,1.0,22.0,-1.0,22.0,1.0,11.0,11.0
2021-06-16,19972,760,7458,9,7328,123,3377,4081,0.0,1.0,0.0,-2.0,0.0,2.0,0.0,0.0,72.0,1.0,19.0,-1.0,19.0,1.0,9.0,10.0
2021-06-17,20081,762,7567,9,7435,125,3435,4132,109.0,2.0,109.0,0.0,107.0,2.0,58.0,51.0,67.0,1.0,34.0,-0.0,33.0,1.0,17.0,17.0
2021-06-18,20140,762,7571,7,7441,125,3437,4134,59.0,0.0,4.0,-2.0,6.0,0.0,2.0,2.0,75.0,1.0,32.0,-1.0,32.0,1.0,16.0,16.0
2021-06-19,20140,762,7571,7,7441,125,3437,4134,0.0,0.0,0.0,0.0,0.0,0.0,0.0,0.0,75.0,1.0,32.0,-1.0,32.0,1.0,16.0,16.0
2021-06-20,20140,764,7571,7,7441,125,3437,4134,0.0,2.0,0.0,0.0,0.0,0.0,0.0,0.0,75.0,1.0,32.0,-1.0,32.0,1.0,16.0,16.0
2021-06-21,20161,764,7591,7,7441,125,3450,4141,21.0,0.0,20.0,0.0,0.0,0.0,13.0,7.0,50.0,1.0,25.0,-1.0,22.0,1.0,14.0,12.0
2021-06-22,20383,767,7596,11,7452,125,3453,4143,222.0,3.0,5.0,4.0,11.0,0.0,3.0,2.0,59.0,1.0,20.0,0.0,18.0,1.0,11.0,9.0
2021-06-23,20606,770,7601,15,7463,125,3456,4145,223.0,3.0,5.0,4.0,11.0,0.0,3.0,2.0,91.0,1.0,20.0,1.0,19.0,0.0,11.0,9.0
2021-06-24,20706,773,7681,14,7544,125,3495,4186,100.0,3.0,80.0,-1.0,81.0,0.0,39.0,41.0,89.0,2.0,16.0,1.0,16.0,0.0,9.0,8.0
2021-06-25,20798,773,7708,14,7571,125,3504,4204,92.0,0.0,27.0,0.0,27.0,0.0,9.0,18.0,94.0,2.0,20.0,1.0,19.0,0.0,10.0,10.0
2021-06-26,20798,775,7710,16,7571,125,3506,4204,0.0,2.0,2.0,2.0,0.0,0.0,2.0,0.0,94.0,2.0,20.0,1.0,19.0,0.0,10.0,10.0
2021-06-27,20798,776,7711,17,7571,125,3507,4204,0.0,1.0,1.0,1.0,0.0,0.0,1.0,0.0,94.0,2.0,20.0,1.0,19.0,0.0,10.0,10.0
2021-06-28,20798,776,7712,18,7571,125,3508,4204,0.0,0.0,1.0,1.0,0.0,0.0,1.0,0.0,91.0,2.0,17.0,2.0,19.0,0.0,8.0,9.0
2021-06-29,20798,776,7712,18,7571,125,3508,4204,0.0,0.0,0.0,0.0,0.0,0.0,0.0,0.0,59.0,1.0,17.0,1.0,17.0,0.0,8.0,9.0
2021-06-30,20897,781,7715,14,7578,125,3510,4205,99.0,5.0,3.0,-4.0,7.0,0.0,2.0,1.0,42.0,2.0,16.0,-0.0,16.0,0.0,8.0,9.0
2021-07-01,20985,781,7718,11,7582,127,3512,4206,88.0,0.0,3.0,-3.0,4.0,2.0,2.0,1.0,40.0,1.0,5.0,-0.0,5.0,0.0,2.0,3.0
2021-07-02,21062,781,7741,11,7605,127,3524,4217,77.0,0.0,23.0,0.0,23.0,0.0,12.0,11.0,38.0,1.0,5.0,-0.0,5.0,0.0,3.0,2.0
2021-07-03,21074,784,7743,9,7607,129,3526,4217,12.0,3.0,2.0,-2.0,2.0,2.0,2.0,0.0,39.0,1.0,5.0,-1.0,5.0,1.0,3.0,2.0
2021-07-04,21074,784,7743,9,7607,129,3526,4217,0.0,0.0,0.0,0.0,0.0,0.0,0.0,0.0,39.0,1.0,5.0,-1.0,5.0,1.0,3.0,2.0
2021-07-05,21074,784,7743,9,7607,129,3526,4217,0.0,0.0,0.0,0.0,0.0,0.0,0.0,0.0,39.0,1.0,4.0,-1.0,5.0,1.0,3.0,2.0
2021-07-06,21099,787,7743,9,7607,129,3526,4217,25.0,3.0,0.0,0.0,0.0,0.0,0.0,0.0,43.0,2.0,4.0,-1.0,5.0,1.0,3.0,2.0
2021-07-07,21216,787,7743,9,7607,129,3526,4217,117.0,0.0,0.0,0.0,0.0,0.0,0.0,0.0,46.0,1.0,4.0,-1.0,4.0,1.0,2.0,2.0
2021-07-08,21270,787,7768,9,7632,129,3541,4227,54.0,0.0,25.0,0.0,25.0,0.0,15.0,10.0,41.0,1.0,7.0,-0.0,7.0,0.0,4.0,3.0
2021-07-09,21270,787,7768,9,7632,129,3541,4227,0.0,0.0,0.0,0.0,0.0,0.0,0.0,0.0,30.0,1.0,4.0,-0.0,4.0,0.0,2.0,1.0
2021-07-10,21270,788,7768,9,7632,129,3541,4227,0.0,1.0,0.0,0.0,0.0,0.0,0.0,0.0,28.0,1.0,4.0,0.0,4.0,0.0,2.0,1.0
2021-07-11,21270,789,7768,9,7632,129,3541,4227,0.0,1.0,0.0,0.0,0.0,0.0,0.0,0.0,28.0,1.0,4.0,0.0,4.0,0.0,2.0,1.0
2021-07-12,21305,789,7768,9,7632,129,3541,4227,35.0,0.0,0.0,0.0,0.0,0.0,0.0,0.0,33.0,1.0,4.0,0.0,4.0,0.0,2.0,1.0
2021-07-13,21305,791,7768,9,7632,129,3541,4227,0.0,2.0,0.0,0.0,0.0,0.0,0.0,0.0,29.0,1.0,4.0,0.0,4.0,0.0,2.0,1.0
2021-07-14,21374,791,7790,6,7657,129,3551,4239,69.0,0.0,22.0,-3.0,25.0,0.0,10.0,12.0,23.0,1.0,7.0,-0.0,7.0,0.0,4.0,3.0
2021-07-15,21407,792,7790,5,7658,129,3551,4239,33.0,1.0,0.0,-1.0,1.0,0.0,0.0,0.0,20.0,1.0,3.0,-1.0,4.0,0.0,1.0,2.0
2021-07-16,21407,792,7791,6,7658,129,3551,4240,0.0,0.0,1.0,1.0,0.0,0.0,0.0,1.0,20.0,1.0,3.0,-0.0,4.0,0.0,1.0,2.0
2021-07-17,21407,792,7791,6,7658,129,3551,4240,0.0,0.0,0.0,0.0,0.0,0.0,0.0,0.0,20.0,1.0,3.0,-0.0,4.0,0.0,1.0,2.0
2021-07-18,21407,793,7791,6,7658,129,3551,4240,0.0,1.0,0.0,0.0,0.0,0.0,0.0,0.0,20.0,1.0,3.0,-0.0,4.0,0.0,1.0,2.0
2021-07-19,21407,796,7791,5,7659,129,3551,4240,0.0,3.0,0.0,-1.0,1.0,0.0,0.0,0.0,15.0,1.0,3.0,-1.0,4.0,0.0,1.0,2.0
2021-07-20,21498,798,7791,5,7659,129,3551,4240,91.0,2.0,0.0,0.0,0.0,0.0,0.0,0.0,28.0,1.0,3.0,-1.0,4.0,0.0,1.0,2.0
2021-07-21,21665,798,7873,4,7740,131,3592,4281,167.0,0.0,82.0,-1.0,81.0,2.0,41.0,41.0,42.0,1.0,12.0,-0.0,12.0,0.0,6.0,6.0
2021-07-22,21768,800,7873,3,7740,132,3592,4281,103.0,2.0,0.0,-1.0,0.0,1.0,0.0,0.0,52.0,1.0,12.0,-0.0,12.0,0.0,6.0,6.0
2021-07-23,21829,801,7873,3,7740,132,3592,4281,61.0,1.0,0.0,0.0,0.0,0.0,0.0,0.0,60.0,1.0,12.0,-0.0,12.0,0.0,6.0,6.0
2021-07-24,21952,801,8041,3,7904,134,3628,4413,123.0,0.0,168.0,0.0,164.0,2.0,36.0,132.0,78.0,1.0,36.0,-0.0,35.0,1.0,11.0,25.0
2021-07-25,21952,804,8041,3,7904,134,3628,4413,0.0,3.0,0.0,0.0,0.0,0.0,0.0,0.0,78.0,2.0,36.0,-0.0,35.0,1.0,11.0,25.0
2021-07-26,21952,804,8041,3,7904,134,3628,4413,0.0,0.0,0.0,0.0,0.0,0.0,0.0,0.0,78.0,1.0,36.0,-0.0,35.0,1.0,11.0,25.0
2021-07-27,22023,806,8059,4,7921,134,3633,4426,71.0,2.0,18.0,1.0,17.0,0.0,5.0,13.0,75.0,1.0,38.0,-0.0,37.0,1.0,12.0,27.0
2021-07-28,22049,809,8072,3,7927,142,3638,4434,26.0,3.0,13.0,-1.0,6.0,8.0,5.0,8.0,55.0,2.0,28.0,-0.0,27.0,2.0,7.0,22.0
2021-07-29,22049,809,8072,3,7927,142,3638,4434,0.0,0.0,0.0,0.0,0.0,0.0,0.0,0.0,40.0,1.0,28.0,0.0,27.0,1.0,7.0,22.0
2021-07-30,22049,809,8072,2,7927,143,3638,4434,0.0,0.0,0.0,-1.0,0.0,1.0,0.0,0.0,31.0,1.0,28.0,-0.0,27.0,2.0,7.0,22.0
2021-07-31,22049,812,8072,2,7927,143,3638,4434,0.0,3.0,0.0,0.0,0.0,0.0,0.0,0.0,14.0,2.0,4.0,-0.0,3.0,1.0,1.0,3.0
2021-08-01,22049,812,8072,2,7927,143,3638,4434,0.0,0.0,0.0,0.0,0.0,0.0,0.0,0.0,14.0,1.0,4.0,-0.0,3.0,1.0,1.0,3.0
2021-08-02,22169,812,8164,4,8017,143,3686,4478,120.0,0.0,92.0,2.0,90.0,0.0,48.0,44.0,31.0,1.0,18.0,0.0,16.0,1.0,8.0,9.0
2021-08-03,22169,812,8164,4,8017,143,3686,4478,0.0,0.0,0.0,0.0,0.0,0.0,0.0,0.0,21.0,1.0,15.0,0.0,14.0,1.0,8.0,7.0
2021-08-04,22426,813,8209,4,8062,143,3709,4500,257.0,1.0,45.0,0.0,45.0,0.0,23.0,22.0,54.0,1.0,20.0,0.0,19.0,0.0,10.0,9.0
2021-08-05,22684,814,8254,4,8107,143,3732,4522,258.0,1.0,45.0,0.0,45.0,0.0,23.0,22.0,91.0,1.0,26.0,0.0,26.0,0.0,13.0,13.0
2021-08-06,22706,814,8254,4,8107,143,3732,4522,22.0,0.0,0.0,0.0,0.0,0.0,0.0,0.0,94.0,1.0,26.0,0.0,26.0,0.0,13.0,13.0
2021-08-07,22729,814,8254,4,8107,143,3732,4522,23.0,0.0,0.0,0.0,0.0,0.0,0.0,0.0,97.0,0.0,26.0,0.0,26.0,0.0,13.0,13.0
2021-08-08,22751,814,8254,4,8107,143,3732,4522,22.0,0.0,0.0,0.0,0.0,0.0,0.0,0.0,100.0,0.0,26.0,0.0,26.0,0.0,13.0,13.0
2021-08-09,22774,814,8254,4,8107,143,3732,4522,23.0,0.0,0.0,0.0,0.0,0.0,0.0,0.0,86.0,0.0,13.0,0.0,13.0,0.0,7.0,6.0
2021-08-10,22797,815,8254,4,8107,143,3732,4522,23.0,1.0,0.0,0.0,0.0,0.0,0.0,0.0,90.0,0.0,13.0,0.0,13.0,0.0,7.0,6.0
2021-08-11,22955,815,8294,3,8147,143,3752,4542,158.0,0.0,40.0,-1.0,40.0,0.0,20.0,20.0,76.0,0.0,12.0,-0.0,12.0,0.0,6.0,6.0
2021-08-12,23113,815,8334,3,8188,143,3772,4562,158.0,0.0,40.0,0.0,41.0,0.0,20.0,20.0,61.0,0.0,11.0,-0.0,12.0,0.0,6.0,6.0
2021-08-13,23143,815,8337,3,8191,143,3773,4564,30.0,0.0,3.0,0.0,3.0,0.0,1.0,2.0,62.0,0.0,12.0,-0.0,12.0,0.0,6.0,6.0
2021-08-14,23173,816,8341,3,8195,143,3775,4566,30.0,1.0,4.0,0.0,4.0,0.0,2.0,2.0,63.0,0.0,12.0,-0.0,13.0,0.0,6.0,6.0
2021-08-15,23203,817,8345,3,8199,143,3776,4568,30.0,1.0,4.0,0.0,4.0,0.0,1.0,2.0,65.0,0.0,13.0,-0.0,13.0,0.0,6.0,7.0
2021-08-16,23233,818,8349,3,8203,143,3778,4570,30.0,1.0,4.0,0.0,4.0,0.0,2.0,2.0,66.0,1.0,14.0,-0.0,14.0,0.0,7.0,7.0
2021-08-17,23263,819,8353,3,8207,143,3780,4573,30.0,1.0,4.0,0.0,4.0,0.0,2.0,3.0,67.0,1.0,14.0,-0.0,14.0,0.0,7.0,7.0
2021-08-18,23333,819,8359,3,8212,143,3783,4576,70.0,0.0,6.0,0.0,5.0,0.0,3.0,3.0,54.0,1.0,9.0,0.0,9.0,0.0,4.0,5.0
2021-08-19,23403,820,8365,3,8218,144,3786,4579,70.0,1.0,6.0,0.0,6.0,1.0,3.0,3.0,41.0,1.0,4.0,0.0,4.0,0.0,2.0,2.0
2021-08-20,23425,820,8367,3,8220,144,3787,4580,22.0,0.0,2.0,0.0,2.0,0.0,1.0,1.0,40.0,1.0,4.0,0.0,4.0,0.0,2.0,2.0
2021-08-21,23448,820,8370,3,8223,144,3788,4581,23.0,0.0,3.0,0.0,3.0,0.0,1.0,1.0,39.0,1.0,4.0,0.0,4.0,0.0,2.0,2.0
2021-08-22,23471,820,8373,3,8226,144,3790,4583,23.0,0.0,3.0,0.0,3.0,0.0,2.0,2.0,38.0,0.0,4.0,0.0,4.0,0.0,2.0,2.0
2021-08-23,23494,820,8376,3,8229,144,3791,4584,23.0,0.0,3.0,0.0,3.0,0.0,1.0,1.0,37.0,0.0,4.0,0.0,4.0,0.0,2.0,2.0
2021-08-24,23517,820,8379,3,8232,144,3793,4586,23.0,0.0,3.0,0.0,3.0,0.0,2.0,2.0,36.0,0.0,4.0,0.0,4.0,0.0,2.0,2.0
2021-08-25,23604,822,8389,3,8242,144,3797,4592,87.0,2.0,10.0,0.0,10.0,0.0,4.0,6.0,39.0,0.0,4.0,0.0,4.0,0.0,2.0,2.0
2021-08-26,23691,825,8400,4,8252,144,3802,4598,87.0,3.0,11.0,1.0,10.0,0.0,5.0,6.0,41.0,1.0,5.0,0.0,5.0,0.0,2.0,3.0
2021-08-27,23717,825,8405,4,8257,144,3804,4601,26.0,0.0,5.0,0.0,5.0,0.0,2.0,3.0,42.0,1.0,5.0,0.0,5.0,0.0,2.0,3.0
2021-08-28,23743,825,8410,4,8262,144,3806,4604,26.0,0.0,5.0,0.0,5.0,0.0,2.0,3.0,42.0,1.0,6.0,0.0,6.0,0.0,3.0,3.0
2021-08-29,23769,825,8415,4,8267,144,3808,4607,26.0,0.0,5.0,0.0,5.0,0.0,2.0,3.0,43.0,1.0,6.0,0.0,6.0,0.0,3.0,3.0
2021-08-30,23795,825,8420,4,8272,144,3810,4610,26.0,0.0,5.0,0.0,5.0,0.0,2.0,3.0,43.0,1.0,6.0,0.0,6.0,0.0,3.0,4.0
2021-08-31,23822,826,8425,4,8277,144,3812,4613,27.0,1.0,5.0,0.0,5.0,0.0,2.0,3.0,44.0,1.0,7.0,0.0,6.0,0.0,3.0,4.0
2021-09-01,23891,828,8439,4,8291,144,3816,4623,69.0,2.0,14.0,0.0,14.0,0.0,4.0,10.0,41.0,1.0,7.0,0.0,7.0,0.0,3.0,4.0
2021-09-02,23960,830,8454,4,8306,144,3820,4634,69.0,2.0,15.0,0.0,15.0,0.0,4.0,11.0,38.0,1.0,8.0,0.0,8.0,0.0,3.0,5.0
2021-09-03,23960,830,8454,4,8306,144,3820,4634,0.0,0.0,0.0,0.0,0.0,0.0,0.0,0.0,35.0,1.0,7.0,0.0,7.0,0.0,2.0,5.0
2021-09-04,23960,830,8454,4,8306,144,3820,4634,0.0,0.0,0.0,0.0,0.0,0.0,0.0,0.0,31.0,1.0,6.0,0.0,6.0,0.0,2.0,4.0
2021-09-05,23960,830,8454,4,8306,144,3820,4634,0.0,0.0,0.0,0.0,0.0,0.0,0.0,0.0,27.0,1.0,6.0,0.0,6.0,0.0,2.0,4.0
2021-09-06,23960,830,8454,4,8306,144,3820,4634,0.0,0.0,0.0,0.0,0.0,0.0,0.0,0.0,24.0,1.0,5.0,0.0,5.0,0.0,1.0,3.0
2021-09-07,23960,830,8454,4,8306,144,3820,4634,0.0,0.0,0.0,0.0,0.0,0.0,0.0,0.0,20.0,1.0,4.0,0.0,4.0,0.0,1.0,3.0
2021-09-08,23960,830,8454,4,8306,144,3820,4634,0.0,0.0,0.0,0.0,0.0,0.0,0.0,0.0,10.0,0.0,2.0,0.0,2.0,0.0,1.0,2.0
2021-09-09,23961,831,8455,4,8306,145,3821,4634,1.0,1.0,1.0,0.0,0.0,1.0,1.0,0.0,0.0,0.0,0.0,0.0,0.0,0.0,0.0,0.0
2021-09-10,24025,831,8462,4,8313,145,3824,4638,64.0,0.0,7.0,0.0,7.0,0.0,3.0,4.0,9.0,0.0,1.0,0.0,1.0,0.0,1.0,1.0
2021-09-11,24089,832,8469,4,8320,145,3827,4642,64.0,1.0,7.0,0.0,7.0,0.0,3.0,4.0,18.0,0.0,2.0,0.0,2.0,0.0,1.0,1.0
2021-09-12,24154,833,8476,4,8327,145,3830,4646,65.0,1.0,7.0,0.0,7.0,0.0,3.0,4.0,28.0,0.0,3.0,0.0,3.0,0.0,1.0,2.0
2021-09-13,24218,834,8483,4,8334,145,3833,4650,64.0,1.0,7.0,0.0,7.0,0.0,3.0,4.0,37.0,1.0,4.0,0.0,4.0,0.0,2.0,2.0
2021-09-14,24283,835,8490,4,8341,145,3836,4654,65.0,1.0,7.0,0.0,7.0,0.0,3.0,4.0,46.0,1.0,5.0,0.0,5.0,0.0,2.0,3.0
2021-09-15,24347,836,8497,4,8348,145,3839,4658,64.0,1.0,7.0,0.0,7.0,0.0,3.0,4.0,55.0,1.0,6.0,0.0,6.0,0.0,3.0,3.0
2021-09-16,24412,837,8505,5,8355,145,3842,4663,65.0,1.0,8.0,1.0,7.0,0.0,3.0,5.0,64.0,1.0,7.0,0.0,7.0,0.0,3.0,4.0
2021-09-17,24505,837,8518,4,8369,145,3846,4672,93.0,0.0,13.0,-1.0,14.0,0.0,4.0,9.0,69.0,1.0,8.0,0.0,8.0,0.0,3.0,5.0
2021-09-18,24598,837,8532,3,8383,145,3850,4681,93.0,0.0,14.0,-1.0,14.0,0.0,4.0,9.0,73.0,1.0,9.0,-0.0,9.0,0.0,3.0,6.0
2021-09-19,24691,837,8545,3,8397,145,3855,4690,93.0,0.0,13.0,0.0,14.0,0.0,5.0,9.0,77.0,1.0,10.0,-0.0,10.0,0.0,4.0,6.0
2021-09-20,24784,837,8559,2,8411,145,3859,4699,93.0,0.0,14.0,-1.0,14.0,0.0,4.0,9.0,81.0,0.0,11.0,-0.0,11.0,0.0,4.0,7.0
2021-09-21,24878,837,8573,2,8426,145,3864,4709,94.0,0.0,14.0,0.0,15.0,0.0,5.0,10.0,85.0,0.0,12.0,-0.0,12.0,0.0,4.0,8.0
2021-09-22,24920,838,8580,2,8433,145,3867,4713,42.0,1.0,7.0,0.0,7.0,0.0,3.0,4.0,82.0,0.0,12.0,-0.0,12.0,0.0,4.0,8.0
2021-09-23,24963,839,8588,2,8441,145,3870,4718,43.0,1.0,8.0,0.0,8.0,0.0,3.0,5.0,79.0,0.0,12.0,-0.0,12.0,0.0,4.0,8.0
2021-09-24,25020,839,8602,2,8455,145,3875,4726,57.0,0.0,14.0,0.0,14.0,0.0,5.0,8.0,74.0,0.0,12.0,-0.0,12.0,0.0,4.0,8.0
2021-09-25,25078,839,8616,2,8469,145,3881,4734,58.0,0.0,14.0,0.0,14.0,0.0,6.0,8.0,69.0,0.0,12.0,-0.0,12.0,0.0,4.0,8.0
2021-09-26,25135,839,8630,2,8483,145,3887,4742,57.0,0.0,14.0,0.0,14.0,0.0,6.0,8.0,63.0,0.0,12.0,-0.0,12.0,0.0,5.0,7.0
2021-09-27,25193,839,8644,2,8497,145,3893,4750,58.0,0.0,14.0,0.0,14.0,0.0,6.0,8.0,58.0,0.0,12.0,0.0,12.0,0.0,5.0,7.0
2021-09-28,25251,839,8658,2,8511,145,3899,4759,58.0,0.0,14.0,0.0,14.0,0.0,6.0,9.0,53.0,0.0,12.0,0.0,12.0,0.0,5.0,7.0
2021-09-29,25360,842,8661,2,8514,145,3900,4761,109.0,3.0,3.0,0.0,3.0,0.0,1.0,2.0,63.0,1.0,12.0,0.0,12.0,0.0,5.0,7.0
2021-09-30,25469,845,8664,2,8517,145,3901,4763,109.0,3.0,3.0,0.0,3.0,0.0,1.0,2.0,72.0,1.0,11.0,0.0,11.0,0.0,4.0,6.0
2021-10-01,25492,845,8676,2,8529,145,3906,4770,23.0,0.0,12.0,0.0,12.0,0.0,5.0,7.0,67.0,1.0,11.0,0.0,11.0,0.0,4.0,6.0
2021-10-02,25515,845,8688,2,8541,145,3911,4777,23.0,0.0,12.0,0.0,12.0,0.0,5.0,7.0,62.0,1.0,10.0,0.0,10.0,0.0,4.0,6.0
2021-10-03,25538,845,8701,2,8554,145,3916,4784,23.0,0.0,13.0,0.0,13.0,0.0,5.0,7.0,58.0,1.0,10.0,0.0,10.0,0.0,4.0,6.0
2021-10-04,25561,845,8713,2,8566,145,3921,4791,23.0,0.0,12.0,0.0,12.0,0.0,5.0,7.0,53.0,1.0,10.0,0.0,10.0,0.0,4.0,6.0
2021-10-05,25584,845,8726,2,8579,145,3927,4799,23.0,0.0,13.0,0.0,13.0,0.0,6.0,8.0,48.0,1.0,10.0,0.0,10.0,0.0,4.0,6.0
2021-10-06,25673,845,8733,2,8586,145,3929,4803,89.0,0.0,7.0,0.0,7.0,0.0,2.0,4.0,45.0,0.0,10.0,0.0,10.0,0.0,4.0,6.0
2021-10-07,25763,845,8740,2,8593,145,3932,4808,90.0,0.0,7.0,0.0,7.0,0.0,3.0,5.0,42.0,0.0,11.0,0.0,11.0,0.0,4.0,6.0
2021-10-08,25801,846,8756,2,8608,145,3939,4816,38.0,1.0,16.0,0.0,15.0,0.0,7.0,8.0,44.0,0.0,11.0,0.0,11.0,0.0,5.0,7.0
2021-10-09,25840,847,8772,2,8624,145,3947,4824,39.0,1.0,16.0,0.0,16.0,0.0,8.0,8.0,46.0,0.0,12.0,0.0,12.0,0.0,5.0,7.0
2021-10-10,25879,848,8788,2,8640,145,3955,4833,39.0,1.0,16.0,0.0,16.0,0.0,8.0,9.0,49.0,0.0,12.0,0.0,12.0,0.0,6.0,7.0
2021-10-11,25918,849,8804,3,8656,145,3962,4841,39.0,1.0,16.0,1.0,16.0,0.0,7.0,8.0,51.0,1.0,13.0,0.0,13.0,0.0,6.0,7.0
2021-10-12,25957,850,8820,3,8672,145,3970,4850,39.0,1.0,16.0,0.0,16.0,0.0,8.0,9.0,53.0,1.0,13.0,0.0,13.0,0.0,6.0,7.0
2021-10-13,25996,851,8836,3,8688,145,3978,4858,39.0,1.0,16.0,0.0,16.0,0.0,8.0,8.0,46.0,1.0,15.0,0.0,15.0,0.0,7.0,8.0
2021-10-14,26035,853,8853,4,8704,145,3986,4867,39.0,2.0,17.0,1.0,16.0,0.0,8.0,9.0,39.0,1.0,16.0,0.0,16.0,0.0,8.0,8.0
2021-10-15,26078,853,8857,3,8708,145,3988,4869,43.0,0.0,4.0,-1.0,4.0,0.0,2.0,2.0,40.0,1.0,14.0,0.0,14.0,0.0,7.0,8.0
2021-10-16,26122,853,8861,3,8712,145,3990,4871,44.0,0.0,4.0,0.0,4.0,0.0,2.0,2.0,40.0,1.0,13.0,0.0,13.0,0.0,6.0,7.0
2021-10-17,26165,853,8865,2,8717,145,3992,4873,43.0,0.0,4.0,-1.0,5.0,0.0,2.0,2.0,41.0,1.0,11.0,0.0,11.0,0.0,5.0,6.0
2021-10-18,26209,853,8869,2,8721,145,3994,4875,44.0,0.0,4.0,0.0,4.0,0.0,2.0,2.0,42.0,1.0,9.0,-0.0,9.0,0.0,5.0,5.0
2021-10-19,26253,853,8873,2,8726,145,3996,4877,44.0,0.0,4.0,0.0,5.0,0.0,2.0,2.0,42.0,0.0,8.0,-0.0,8.0,0.0,4.0,4.0
2021-10-20,26352,853,8887,2,8739,146,4002,4885,99.0,0.0,14.0,0.0,13.0,1.0,6.0,8.0,51.0,0.0,7.0,-0.0,7.0,0.0,3.0,4.0
2021-10-21,26451,853,8902,2,8752,148,4008,4894,99.0,0.0,15.0,0.0,13.0,2.0,6.0,9.0,59.0,0.0,7.0,-0.0,7.0,0.0,3.0,4.0
2021-10-22,26477,853,8907,2,8756,148,4010,4896,26.0,0.0,5.0,0.0,4.0,0.0,2.0,2.0,57.0,0.0,7.0,-0.0,7.0,0.0,3.0,4.0
2021-10-23,26504,854,8912,3,8761,148,4012,4899,27.0,1.0,5.0,1.0,5.0,0.0,2.0,3.0,55.0,0.0,7.0,0.0,7.0,0.0,3.0,4.0
2021-10-24,26531,855,8917,3,8766,148,4015,4902,27.0,1.0,5.0,0.0,5.0,0.0,3.0,3.0,52.0,0.0,7.0,0.0,7.0,0.0,3.0,4.0
2021-10-25,26558,856,8922,4,8771,148,4017,4905,27.0,1.0,5.0,1.0,5.0,0.0,2.0,3.0,50.0,0.0,8.0,0.0,7.0,0.0,3.0,4.0
2021-10-26,26585,857,8928,5,8776,148,4020,4908,27.0,1.0,6.0,1.0,5.0,0.0,3.0,3.0,47.0,1.0,8.0,0.0,7.0,0.0,3.0,4.0
2021-10-27,26590,857,8935,5,8783,148,4023,4912,5.0,0.0,7.0,0.0,7.0,0.0,3.0,4.0,34.0,1.0,7.0,0.0,6.0,0.0,3.0,4.0
2021-10-28,26596,857,8942,5,8790,148,4026,4916,6.0,0.0,7.0,0.0,7.0,0.0,3.0,4.0,21.0,1.0,6.0,0.0,5.0,0.0,3.0,3.0
2021-10-29,26602,857,8950,5,8798,148,4030,4920,6.0,0.0,8.0,0.0,8.0,0.0,4.0,4.0,18.0,1.0,6.0,0.0,6.0,0.0,3.0,3.0
2021-10-30,26608,857,8957,5,8805,148,4033,4924,6.0,0.0,7.0,0.0,7.0,0.0,3.0,4.0,15.0,0.0,6.0,0.0,6.0,0.0,3.0,4.0
2021-10-31,26614,857,8965,5,8812,148,4036,4928,6.0,0.0,8.0,0.0,7.0,0.0,3.0,4.0,12.0,0.0,7.0,0.0,7.0,0.0,3.0,4.0
2021-11-01,26620,857,8972,5,8820,148,4040,4932,6.0,0.0,7.0,0.0,8.0,0.0,4.0,4.0,9.0,0.0,7.0,0.0,7.0,0.0,3.0,4.0
2021-11-02,26626,857,8980,5,8827,148,4043,4936,6.0,0.0,8.0,0.0,7.0,0.0,3.0,4.0,6.0,0.0,7.0,0.0,7.0,0.0,3.0,4.0
2021-11-03,26632,857,8987,5,8834,148,4046,4940,6.0,0.0,7.0,0.0,7.0,0.0,3.0,4.0,6.0,0.0,7.0,0.0,7.0,0.0,3.0,4.0
2021-11-04,26638,857,8995,6,8842,148,4050,4945,6.0,0.0,8.0,1.0,8.0,0.0,4.0,5.0,6.0,0.0,8.0,0.0,7.0,0.0,3.0,4.0
2021-11-05,26649,857,8995,5,8842,148,4050,4945,11.0,0.0,0.0,-1.0,0.0,0.0,0.0,0.0,7.0,0.0,6.0,0.0,6.0,0.0,3.0,4.0
2021-11-06,26660,857,8995,5,8842,148,4050,4945,11.0,0.0,0.0,0.0,0.0,0.0,0.0,0.0,7.0,0.0,5.0,0.0,5.0,0.0,2.0,3.0
2021-11-07,26672,857,8995,5,8842,148,4050,4945,12.0,0.0,0.0,0.0,0.0,0.0,0.0,0.0,8.0,0.0,4.0,0.0,4.0,0.0,2.0,2.0
2021-11-08,26683,857,8995,5,8842,148,4050,4945,11.0,0.0,0.0,0.0,0.0,0.0,0.0,0.0,9.0,0.0,3.0,0.0,3.0,0.0,1.0,2.0
2021-11-09,26695,857,8995,5,8843,148,4050,4945,12.0,0.0,0.0,0.0,1.0,0.0,0.0,0.0,10.0,0.0,2.0,0.0,2.0,0.0,1.0,1.0
2021-11-10,26760,857,9005,5,8853,148,4054,4950,65.0,0.0,10.0,0.0,10.0,0.0,4.0,5.0,18.0,0.0,3.0,0.0,3.0,0.0,1.0,1.0
2021-11-11,26825,858,9015,5,8863,148,4058,4956,65.0,1.0,10.0,0.0,10.0,0.0,4.0,6.0,27.0,0.0,3.0,-0.0,3.0,0.0,1.0,2.0
2021-11-12,26891,859,9025,5,8873,148,4062,4962,66.0,1.0,10.0,0.0,10.0,0.0,4.0,6.0,35.0,0.0,4.0,0.0,4.0,0.0,2.0,2.0
2021-11-13,26956,859,9035,5,8883,148,4066,4968,65.0,0.0,10.0,0.0,10.0,0.0,4.0,6.0,42.0,0.0,6.0,0.0,6.0,0.0,2.0,3.0
2021-11-14,27021,860,9045,5,8893,148,4071,4974,65.0,1.0,10.0,0.0,10.0,0.0,5.0,6.0,50.0,0.0,7.0,0.0,7.0,0.0,3.0,4.0
2021-11-15,27087,861,9055,5,8903,148,4075,4980,66.0,1.0,10.0,0.0,10.0,0.0,4.0,6.0,58.0,1.0,9.0,0.0,9.0,0.0,4.0,5.0
2021-11-16,27152,861,9065,5,8913,148,4079,4986,65.0,0.0,10.0,0.0,10.0,0.0,4.0,6.0,65.0,1.0,10.0,0.0,10.0,0.0,4.0,6.0
2021-11-17,27217,862,9075,5,8923,148,4083,4992,65.0,1.0,10.0,0.0,10.0,0.0,4.0,6.0,65.0,1.0,10.0,0.0,10.0,0.0,4.0,6.0
2021-11-18,27283,863,9086,6,8933,148,4088,4998,66.0,1.0,11.0,1.0,10.0,0.0,5.0,6.0,65.0,1.0,10.0,0.0,10.0,0.0,4.0,6.0
2021-11-19,27286,863,9086,6,8933,148,4088,4998,3.0,0.0,0.0,0.0,0.0,0.0,0.0,0.0,56.0,1.0,9.0,0.0,9.0,0.0,4.0,5.0
2021-11-20,27290,863,9086,6,8933,148,4088,4998,4.0,0.0,0.0,0.0,0.0,0.0,0.0,0.0,48.0,1.0,7.0,0.0,7.0,0.0,3.0,4.0
2021-11-21,27294,863,9086,6,8933,148,4088,4998,4.0,0.0,0.0,0.0,0.0,0.0,0.0,0.0,39.0,0.0,6.0,0.0,6.0,0.0,2.0,3.0
2021-11-22,27298,863,9086,6,8933,148,4088,4998,4.0,0.0,0.0,0.0,0.0,0.0,0.0,0.0,30.0,0.0,4.0,0.0,4.0,0.0,2.0,3.0
2021-11-23,27302,863,9086,6,8933,148,4088,4998,4.0,0.0,0.0,0.0,0.0,0.0,0.0,0.0,21.0,0.0,3.0,0.0,3.0,0.0,1.0,2.0
2021-11-24,27354,865,9098,6,8944,148,4092,5006,52.0,2.0,12.0,0.0,11.0,0.0,4.0,8.0,20.0,0.0,3.0,0.0,3.0,0.0,1.0,2.0
2021-11-25,27406,867,9110,7,8956,148,4096,5014,52.0,2.0,12.0,1.0,12.0,0.0,4.0,8.0,18.0,1.0,3.0,0.0,3.0,0.0,1.0,2.0
